trial_no,block_name,setup_cost_investigate_red,setup_cost_investigate_blue,red_prior_prob,guilty_suspect_chosen,timing_valid,timing_error,choice_1,choice_2,choice_3,choice_4,choice_5,choice_6,choice_7,choice_8,choice_9,choice_10,choice_11,choice_12,choice_13,choice_14,choice_15,choice_16,choice_17,choice_18,choice_19,choice_20,choice_21,choice_22,choice_23,choice_24,choice_25,choice_26,choice_27,choice_28,choice_29,choice_30,choice_31,choice_32,choice_33,choice_34,choice_35,choice_36,choice_37,choice_38,choice_39,choice_40,choice_41,choice_42,choice_43,choice_44,choice_45,choice_46,choice_47,choice_48,choice_49,choice_50,choice_51,choice_52,choice_53,choice_54,choice_55,choice_56,choice_57,choice_58,choice_59,choice_60,choice_61,choice_62,timing_choice_1,timing_choice_2,timing_choice_3,timing_choice_4,timing_choice_5,timing_choice_6,timing_choice_7,timing_choice_8,timing_choice_9,timing_choice_10,timing_choice_11,timing_choice_12,timing_choice_13,timing_choice_14,timing_choice_15,timing_choice_16,timing_choice_17,timing_choice_18,timing_choice_19,timing_choice_20,timing_choice_21,timing_choice_22,timing_choice_23,timing_choice_24,timing_choice_25,timing_choice_26,timing_choice_27,timing_choice_28,timing_choice_29,timing_choice_30,timing_choice_31,timing_choice_32,timing_choice_33,timing_choice_34,timing_choice_35,timing_choice_36,timing_choice_37,timing_choice_38,timing_choice_39,timing_choice_40,timing_choice_41,timing_choice_42,timing_choice_43,timing_choice_44,timing_choice_45,timing_choice_46,timing_choice_47,timing_choice_48,timing_choice_49,timing_choice_50,timing_choice_51,timing_choice_52,timing_choice_53,timing_choice_54,timing_choice_55,timing_choice_56,timing_choice_57,timing_choice_58,timing_choice_59,timing_choice_60,timing_choice_61,timing_choice_62,evidence_red_1,evidence_red_2,evidence_red_3,evidence_red_4,evidence_red_5,evidence_red_6,evidence_red_7,evidence_red_8,evidence_red_9,evidence_red_10,evidence_red_11,evidence_red_12,evidence_red_13,evidence_red_14,evidence_red_15,evidence_red_16,evidence_red_17,evidence_red_18,evidence_red_19,evidence_red_20,evidence_red_21,evidence_red_22,evidence_red_23,evidence_red_24,evidence_red_25,evidence_red_26,evidence_red_27,evidence_red_28,evidence_red_29,evidence_red_30,evidence_blue_1,evidence_blue_2,evidence_blue_3,evidence_blue_4,evidence_blue_5,evidence_blue_6,evidence_blue_7,evidence_blue_8,evidence_blue_9,evidence_blue_10,evidence_blue_11,evidence_blue_12,evidence_blue_13,evidence_blue_14,evidence_blue_15,evidence_blue_16,evidence_blue_17,evidence_blue_18,evidence_blue_19,evidence_blue_20,evidence_blue_21,evidence_blue_22,evidence_blue_23,evidence_blue_24,evidence_blue_25,evidence_blue_26,evidence_blue_27,evidence_blue_28,evidence_blue_29,evidence_blue_30,num_evidences_total,final_evidence,suspect_accused,correct_suspect_accused,bonus_earned,trial_chosen_for_bonus,total_bonus_paid_cents
1,part1-guilty,9,9,0.3,blue,true,,investigate_red,investigate_red,investigate_red,investigate_red,investigate_red,investigate_red,investigate_red,investigate_blue,investigate_blue,accuse_blue,advance_to_next_trial,,,,,,,,,,,,,,,,,,,,,,,,,,,,,,,,,,,,,,,,,,,,,,,,,,,,4658.9855,5192.39349999999,5742.47049999999,6242.54049999999,6742.86349999998,7359.61649999997,7959.70049999996,8459.77049999995,8959.84049999993,12843.7174999999,14380.5992999998,,,,,,,,,,,,,,,,,,,,,,,,,,,,,,,,,,,,,,,,,,,,,,,,,,,,0,0,0,0,0,0,0,,,,,,,,,,,,,,,,,,,,,,,,0,0,,,,,,,,,,,,,,,,,,,,,,,,,,,,,9,0,blue,true,,,
2,part1-guilty,9,9,0.7,blue,true,,investigate_blue,investigate_blue,investigate_blue,investigate_blue,investigate_blue,investigate_blue,investigate_blue,investigate_blue,investigate_red,accuse_red,advance_to_next_trial,,,,,,,,,,,,,,,,,,,,,,,,,,,,,,,,,,,,,,,,,,,,,,,,,,,,2473.92380000002,2990.66280000001,3490.73280000002,3990.80280000003,4490.87280000002,5024.28080000003,5524.35080000002,6274.45580000001,8391.4188,9474.90379999997,11676.8786999999,,,,,,,,,,,,,,,,,,,,,,,,,,,,,,,,,,,,,,,,,,,,,,,,,,,,0,,,,,,,,,,,,,,,,,,,,,,,,,,,,,,0,0,0,0,0,0,0,0,,,,,,,,,,,,,,,,,,,,,,,9,0,red,false,,,
3,part1-guilty,1,1,0.1,blue,true,,investigate_red,accuse_blue,advance_to_next_trial,,,,,,,,,,,,,,,,,,,,,,,,,,,,,,,,,,,,,,,,,,,,,,,,,,,,,,,,,,,,3373.97610000002,5240.90410000002,6374.39610000001,,,,,,,,,,,,,,,,,,,,,,,,,,,,,,,,,,,,,,,,,,,,,,,,,,,,,,,,,,,,0,,,,,,,,,,,,,,,,,,,,,,,,,,,,,,,,,,,,,,,,,,,,,,,,,,,,,,,,,,,,1,0,blue,true,,,
4,part1-guilty,5,5,0.5,red,true,,investigate_blue,investigate_blue,investigate_blue,investigate_blue,investigate_blue,accuse_red,advance_to_next_trial,,,,,,,,,,,,,,,,,,,,,,,,,,,,,,,,,,,,,,,,,,,,,,,,,,,,,,,,2021.94970000001,2522.0197,3072.09670000002,3588.83570000002,4088.90570000002,5856.14969999999,6974.6396,,,,,,,,,,,,,,,,,,,,,,,,,,,,,,,,,,,,,,,,,,,,,,,,,,,,,,,,,,,,,,,,,,,,,,,,,,,,,,,,,,,,,,0,0,0,0,0,,,,,,,,,,,,,,,,,,,,,,,,,,5,0,red,true,,,
5,part1-guilty,3,3,0.7,blue,true,,investigate_blue,investigate_blue,investigate_blue,accuse_red,advance_to_next_trial,,,,,,,,,,,,,,,,,,,,,,,,,,,,,,,,,,,,,,,,,,,,,,,,,,,,,,,,,,1756.91259999999,2256.9826,2757.0526,3623.84060000002,4642.31650000001,,,,,,,,,,,,,,,,,,,,,,,,,,,,,,,,,,,,,,,,,,,,,,,,,,,,,,,,,,,,,,,,,,,,,,,,,,,,,,,,,,,,,,,,0,0,0,,,,,,,,,,,,,,,,,,,,,,,,,,,,3,0,red,false,,,
6,part1-guilty,1,1,0.9,blue,true,,investigate_blue,accuse_blue,advance_to_next_trial,,,,,,,,,,,,,,,,,,,,,,,,,,,,,,,,,,,,,,,,,,,,,,,,,,,,,,,,,,,,1623.56059999999,2773.9596,3775.79030000002,,,,,,,,,,,,,,,,,,,,,,,,,,,,,,,,,,,,,,,,,,,,,,,,,,,,,,,,,,,,,,,,,,,,,,,,,,,,,,,,,,,,,,,,,,1,,,,,,,,,,,,,,,,,,,,,,,,,,,,,,1,1,blue,true,,,
7,part1-guilty,5,5,0.1,blue,true,,investigate_red,investigate_red,investigate_red,investigate_red,investigate_red,accuse_blue,advance_to_next_trial,,,,,,,,,,,,,,,,,,,,,,,,,,,,,,,,,,,,,,,,,,,,,,,,,,,,,,,,1783.58300000001,2350.32900000001,2867.06800000002,3367.13800000002,3867.20800000002,5284.07300000003,7886.10390000001,,,,,,,,,,,,,,,,,,,,,,,,,,,,,,,,,,,,,,,,,,,,,,,,,,,,,,,,0,0,0,0,0,,,,,,,,,,,,,,,,,,,,,,,,,,,,,,,,,,,,,,,,,,,,,,,,,,,,,,,,5,0,blue,true,,,
8,part1-guilty,1,1,0.3,blue,true,,investigate_red,accuse_blue,advance_to_next_trial,,,,,,,,,,,,,,,,,,,,,,,,,,,,,,,,,,,,,,,,,,,,,,,,,,,,,,,,,,,,16647.1781999995,18147.2563666662,19850.8281666662,,,,,,,,,,,,,,,,,,,,,,,,,,,,,,,,,,,,,,,,,,,,,,,,,,,,,,,,,,,,0,,,,,,,,,,,,,,,,,,,,,,,,,,,,,,,,,,,,,,,,,,,,,,,,,,,,,,,,,,,,1,0,blue,true,,,
9,part1-guilty,3,3,0.1,red,true,,investigate_red,investigate_red,investigate_red,accuse_red,advance_to_next_trial,,,,,,,,,,,,,,,,,,,,,,,,,,,,,,,,,,,,,,,,,,,,,,,,,,,,,,,,,,1275.44030000004,1775.51030000006,3009.01630000004,3659.10730000003,4710.92120000003,,,,,,,,,,,,,,,,,,,,,,,,,,,,,,,,,,,,,,,,,,,,,,,,,,,,,,,,,,0,1,0,,,,,,,,,,,,,,,,,,,,,,,,,,,,,,,,,,,,,,,,,,,,,,,,,,,,,,,,,,3,1,red,true,,,
10,part1-guilty,1,1,0.7,blue,true,,investigate_blue,accuse_red,advance_to_next_trial,,,,,,,,,,,,,,,,,,,,,,,,,,,,,,,,,,,,,,,,,,,,,,,,,,,,,,,,,,,,1390.19460000001,2006.94760000004,3557.16460000006,,,,,,,,,,,,,,,,,,,,,,,,,,,,,,,,,,,,,,,,,,,,,,,,,,,,,,,,,,,,,,,,,,,,,,,,,,,,,,,,,,,,,,,,,,0,,,,,,,,,,,,,,,,,,,,,,,,,,,,,,1,0,red,false,,,
11,part1-guilty,3,3,0.3,blue,true,,investigate_red,investigate_red,investigate_red,accuse_blue,advance_to_next_trial,,,,,,,,,,,,,,,,,,,,,,,,,,,,,,,,,,,,,,,,,,,,,,,,,,,,,,,,,,1523.54659999999,2123.63060000001,2707.04559999997,3540.83219999996,4542.63909999996,,,,,,,,,,,,,,,,,,,,,,,,,,,,,,,,,,,,,,,,,,,,,,,,,,,,,,,,,,0,0,0,,,,,,,,,,,,,,,,,,,,,,,,,,,,,,,,,,,,,,,,,,,,,,,,,,,,,,,,,,3,0,blue,true,,,
12,part1-guilty,5,5,0.7,blue,true,,investigate_blue,investigate_blue,investigate_blue,investigate_blue,investigate_blue,accuse_blue,advance_to_next_trial,,,,,,,,,,,,,,,,,,,,,,,,,,,,,,,,,,,,,,,,,,,,,,,,,,,,,,,,1750.24500000004,2250.31500000004,2767.05400000006,3433.81400000003,3933.88400000004,4500.63000000005,5502.43690000001,,,,,,,,,,,,,,,,,,,,,,,,,,,,,,,,,,,,,,,,,,,,,,,,,,,,,,,,,,,,,,,,,,,,,,,,,,,,,,,,,,,,,,0,0,1,0,0,,,,,,,,,,,,,,,,,,,,,,,,,,5,1,blue,true,,,
13,part1-guilty,9,9,0.1,blue,true,,investigate_red,investigate_red,investigate_red,investigate_red,investigate_red,investigate_red,investigate_red,investigate_red,investigate_red,accuse_blue,advance_to_next_trial,,,,,,,,,,,,,,,,,,,,,,,,,,,,,,,,,,,,,,,,,,,,,,,,,,,,973.469600000031,1540.21560000002,2040.28560000004,2540.35560000006,3040.60270000008,3540.6727000001,4040.7427000001,4540.81270000006,5040.88270000006,5607.62870000007,6609.43560000004,,,,,,,,,,,,,,,,,,,,,,,,,,,,,,,,,,,,,,,,,,,,,,,,,,,,0,0,0,0,0,0,0,0,0,,,,,,,,,,,,,,,,,,,,,,,,,,,,,,,,,,,,,,,,,,,,,,,,,,,,9,0,blue,true,,,
14,part1-guilty,5,5,0.3,blue,true,,investigate_red,investigate_red,investigate_red,investigate_red,investigate_red,accuse_blue,advance_to_next_trial,,,,,,,,,,,,,,,,,,,,,,,,,,,,,,,,,,,,,,,,,,,,,,,,,,,,,,,,2490.34860000003,2990.4186,3490.48860000002,3990.55860000004,4490.62859999999,5090.7126,6092.54810000002,,,,,,,,,,,,,,,,,,,,,,,,,,,,,,,,,,,,,,,,,,,,,,,,,,,,,,,,0,0,0,0,0,,,,,,,,,,,,,,,,,,,,,,,,,,,,,,,,,,,,,,,,,,,,,,,,,,,,,,,,5,0,blue,true,,,
15,part1-guilty,7,7,0.9,red,true,,investigate_red,investigate_red,investigate_red,investigate_red,investigate_red,investigate_red,investigate_red,accuse_blue,advance_to_next_trial,,,,,,,,,,,,,,,,,,,,,,,,,,,,,,,,,,,,,,,,,,,,,,,,,,,,,,2924.02859999998,3440.76759999999,3940.83760000001,4440.90759999999,4940.97759999996,5441.04759999997,5974.45559999997,8124.75659999989,9276.58449999987,,,,,,,,,,,,,,,,,,,,,,,,,,,,,,,,,,,,,,,,,,,,,,,,,,,,,,0,0,0,0,0,0,0,,,,,,,,,,,,,,,,,,,,,,,,,,,,,,,,,,,,,,,,,,,,,,,,,,,,,,7,0,blue,false,,,
16,part1-guilty,9,9,0.9,red,true,,investigate_blue,investigate_blue,investigate_blue,investigate_blue,investigate_blue,investigate_blue,investigate_blue,investigate_blue,investigate_blue,accuse_red,advance_to_next_trial,,,,,,,,,,,,,,,,,,,,,,,,,,,,,,,,,,,,,,,,,,,,,,,,,,,,2857.06660000001,3357.13659999996,3857.20659999998,4357.2766,4890.68459999997,5457.43059999998,6024.17659999999,6540.91559999997,7124.33059999997,7774.42159999999,8774.56159999998,,,,,,,,,,,,,,,,,,,,,,,,,,,,,,,,,,,,,,,,,,,,,,,,,,,,,,,,,,,,,,,,,,,,,,,,,,,,,,,,,,0,0,0,0,0,0,0,0,0,,,,,,,,,,,,,,,,,,,,,,9,0,red,true,,,
17,part1-guilty,7,7,0.1,blue,true,,investigate_blue,investigate_blue,investigate_blue,investigate_blue,investigate_blue,investigate_blue,investigate_blue,accuse_blue,advance_to_next_trial,,,,,,,,,,,,,,,,,,,,,,,,,,,,,,,,,,,,,,,,,,,,,,,,,,,,,,3090.65920000001,4324.16520000005,4824.2352,5390.9812,5891.05120000001,6424.45919999996,6974.53619999997,7624.62719999998,8626.43409999994,,,,,,,,,,,,,,,,,,,,,,,,,,,,,,,,,,,,,,,,,,,,,,,,,,,,,,,,,,,,,,,,,,,,,,,,,,,,,,,,,,,,1,0,0,0,0,0,0,,,,,,,,,,,,,,,,,,,,,,,,7,1,blue,true,,,
18,part1-guilty,9,9,0.5,red,true,,investigate_blue,investigate_blue,investigate_blue,investigate_blue,investigate_blue,investigate_blue,investigate_blue,investigate_blue,investigate_blue,accuse_red,advance_to_next_trial,,,,,,,,,,,,,,,,,,,,,,,,,,,,,,,,,,,,,,,,,,,,,,,,,,,,1040.14560000001,1540.21560000002,2106.96160000004,2690.37660000004,3240.45360000005,3774.14650000005,4307.55450000005,4857.63150000006,5457.71550000005,7291.30550000003,10143.3714,,,,,,,,,,,,,,,,,,,,,,,,,,,,,,,,,,,,,,,,,,,,,,,,,,,,,,,,,,,,,,,,,,,,,,,,,,,,,,,,,,0,0,0,0,0,0,0,0,0,,,,,,,,,,,,,,,,,,,,,,9,0,red,true,,,
19,part1-guilty,3,3,0.5,blue,true,,investigate_blue,investigate_blue,investigate_blue,accuse_blue,advance_to_next_trial,,,,,,,,,,,,,,,,,,,,,,,,,,,,,,,,,,,,,,,,,,,,,,,,,,,,,,,,,,2540.35560000002,3040.42560000004,3607.42900000003,4107.49900000005,6842.8819,,,,,,,,,,,,,,,,,,,,,,,,,,,,,,,,,,,,,,,,,,,,,,,,,,,,,,,,,,,,,,,,,,,,,,,,,,,,,,,,,,,,,,,,1,0,1,,,,,,,,,,,,,,,,,,,,,,,,,,,,3,1,blue,true,,,
20,part1-guilty,7,7,0.5,blue,true,,investigate_blue,investigate_blue,investigate_blue,investigate_blue,investigate_blue,investigate_blue,investigate_blue,accuse_blue,advance_to_next_trial,,,,,,,,,,,,,,,,,,,,,,,,,,,,,,,,,,,,,,,,,,,,,,,,,,,,,,2523.68660000002,3057.09460000004,3557.16460000003,4090.57260000005,4657.31860000006,5157.38860000003,5724.13460000004,6240.87360000005,7242.85760000005,,,,,,,,,,,,,,,,,,,,,,,,,,,,,,,,,,,,,,,,,,,,,,,,,,,,,,,,,,,,,,,,,,,,,,,,,,,,,,,,,,,,0,0,0,0,1,0,0,,,,,,,,,,,,,,,,,,,,,,,,7,1,blue,true,,,
21,part1-guilty,5,5,0.9,red,true,,investigate_blue,investigate_blue,investigate_blue,investigate_blue,investigate_blue,accuse_red,advance_to_next_trial,,,,,,,,,,,,,,,,,,,,,,,,,,,,,,,,,,,,,,,,,,,,,,,,,,,,,,,,2390.33460000003,2890.40460000003,3407.14360000006,3973.88960000003,4557.30460000002,6824.28859999999,7976.11649999996,,,,,,,,,,,,,,,,,,,,,,,,,,,,,,,,,,,,,,,,,,,,,,,,,,,,,,,,,,,,,,,,,,,,,,,,,,,,,,,,,,,,,,0,0,0,0,0,,,,,,,,,,,,,,,,,,,,,,,,,,5,0,red,true,,,
22,part1-guilty,3,3,0.9,red,true,,investigate_blue,investigate_blue,investigate_blue,accuse_red,advance_to_next_trial,,,,,,,,,,,,,,,,,,,,,,,,,,,,,,,,,,,,,,,,,,,,,,,,,,,,,,,,,,1323.51860000001,1890.59350000003,2424.00150000005,3590.83150000002,4592.63840000006,,,,,,,,,,,,,,,,,,,,,,,,,,,,,,,,,,,,,,,,,,,,,,,,,,,,,,,,,,,,,,,,,,,,,,,,,,,,,,,,,,,,,,,,0,0,0,,,,,,,,,,,,,,,,,,,,,,,,,,,,3,0,red,true,,,
23,part1-guilty,1,1,0.5,red,true,,investigate_blue,accuse_red,advance_to_next_trial,,,,,,,,,,,,,,,,,,,,,,,,,,,,,,,,,,,,,,,,,,,,,,,,,,,,,,,,,,,,890.124600000027,2323.65860000001,3375.47250000005,,,,,,,,,,,,,,,,,,,,,,,,,,,,,,,,,,,,,,,,,,,,,,,,,,,,,,,,,,,,,,,,,,,,,,,,,,,,,,,,,,,,,,,,,,0,,,,,,,,,,,,,,,,,,,,,,,,,,,,,,1,0,red,true,,,
24,part1-guilty,7,7,0.7,blue,true,,investigate_blue,investigate_blue,investigate_blue,investigate_blue,investigate_blue,investigate_blue,investigate_blue,accuse_blue,advance_to_next_trial,,,,,,,,,,,,,,,,,,,,,,,,,,,,,,,,,,,,,,,,,,,,,,,,,,,,,,1090.15260000003,1590.22260000003,2123.63060000004,2673.70760000006,3223.78460000006,3774.11350000006,4274.18350000007,5240.98550000003,6242.79240000006,,,,,,,,,,,,,,,,,,,,,,,,,,,,,,,,,,,,,,,,,,,,,,,,,,,,,,,,,,,,,,,,,,,,,,,,,,,,,,,,,,,,0,0,1,0,1,0,0,,,,,,,,,,,,,,,,,,,,,,,,7,1,blue,true,,,
25,part1-guilty,7,7,0.3,blue,true,,investigate_red,investigate_red,investigate_red,investigate_red,investigate_red,investigate_red,investigate_red,accuse_blue,advance_to_next_trial,,,,,,,,,,,,,,,,,,,,,,,,,,,,,,,,,,,,,,,,,,,,,,,,,,,,,,1190.16660000003,1690.2366,2190.30660000001,2690.37660000003,3190.44660000002,3773.8616,4273.93160000002,6024.17659999999,7025.98349999994,,,,,,,,,,,,,,,,,,,,,,,,,,,,,,,,,,,,,,,,,,,,,,,,,,,,,,0,0,0,0,0,0,0,,,,,,,,,,,,,,,,,,,,,,,,,,,,,,,,,,,,,,,,,,,,,,,,,,,,,,7,0,blue,true,,,
1,part2-guilty,40,40,0.9,red,true,,accuse_red,advance_to_next_trial,,,,,,,,,,,,,,,,,,,,,,,,,,,,,,,,,,,,,,,,,,,,,,,,,,,,,,,,,,,,,11161.8814,12298.7071999999,,,,,,,,,,,,,,,,,,,,,,,,,,,,,,,,,,,,,,,,,,,,,,,,,,,,,,,,,,,,,,,,,,,,,,,,,,,,,,,,,,,,,,,,,,,,,,,,,,,,,,,,,,,,,,,,,,,,,,,,,0,0,red,true,,,
2,part2-guilty,20,20,0.9,red,true,,investigate_red,investigate_red,investigate_red,accuse_red,advance_to_next_trial,,,,,,,,,,,,,,,,,,,,,,,,,,,,,,,,,,,,,,,,,,,,,,,,,,,,,,,,,,4859.26870000004,5359.33870000004,5859.40869999993,6426.15469999994,7444.63059999996,,,,,,,,,,,,,,,,,,,,,,,,,,,,,,,,,,,,,,,,,,,,,,,,,,,,,,,,,,0,0,0,,,,,,,,,,,,,,,,,,,,,,,,,,,,,,,,,,,,,,,,,,,,,,,,,,,,,,,,,,3,0,red,true,,,
3,part2-guilty,10,10,0.9,red,true,,investigate_red,investigate_red,investigate_red,investigate_red,investigate_red,investigate_red,investigate_red,investigate_red,investigate_red,investigate_red,investigate_red,accuse_red,advance_to_next_trial,,,,,,,,,,,,,,,,,,,,,,,,,,,,,,,,,,,,,,,,,,,,,,,,,,4859.01350000003,5459.09750000004,6059.18150000004,6559.25149999993,7059.48869999994,7692.91069999996,8276.32569999996,8793.06469999997,9293.13469999997,9793.20469999992,10293.2746999999,11160.0626999999,12178.5386,,,,,,,,,,,,,,,,,,,,,,,,,,,,,,,,,,,,,,,,,,,,,,,,,,0,0,0,0,0,0,0,0,0,0,1,,,,,,,,,,,,,,,,,,,,,,,,,,,,,,,,,,,,,,,,,,,,,,,,,,11,1,red,true,,,
4,part2-guilty,10,10,0.1,blue,true,,investigate_blue,investigate_blue,investigate_blue,investigate_blue,investigate_blue,investigate_blue,accuse_blue,advance_to_next_trial,,,,,,,,,,,,,,,,,,,,,,,,,,,,,,,,,,,,,,,,,,,,,,,,,,,,,,,2958.74749999998,3742.1905,4242.26050000002,4776.01610000003,5342.76209999992,5842.83209999992,6842.97209999994,8026.47109999985,,,,,,,,,,,,,,,,,,,,,,,,,,,,,,,,,,,,,,,,,,,,,,,,,,,,,,,,,,,,,,,,,,,,,,,,,,,,,,,,,,,,,0,0,0,0,0,1,,,,,,,,,,,,,,,,,,,,,,,,,6,1,blue,true,,,
5,part2-guilty,5,5,0.9,red,true,,investigate_red,investigate_red,accuse_red,advance_to_next_trial,,,,,,,,,,,,,,,,,,,,,,,,,,,,,,,,,,,,,,,,,,,,,,,,,,,,,,,,,,,3042.09250000003,3542.16250000005,4308.93650000007,5310.74340000009,,,,,,,,,,,,,,,,,,,,,,,,,,,,,,,,,,,,,,,,,,,,,,,,,,,,,,,,,,,1,0,,,,,,,,,,,,,,,,,,,,,,,,,,,,,,,,,,,,,,,,,,,,,,,,,,,,,,,,,,,2,1,red,true,,,
6,part2-guilty,80,80,0.3,blue,true,,investigate_red,investigate_red,accuse_blue,advance_to_next_trial,,,,,,,,,,,,,,,,,,,,,,,,,,,,,,,,,,,,,,,,,,,,,,,,,,,,,,,,,,,8743.13249999983,10376.6944999997,11627.1411999998,12845.6450999998,,,,,,,,,,,,,,,,,,,,,,,,,,,,,,,,,,,,,,,,,,,,,,,,,,,,,,,,,,,0,0,,,,,,,,,,,,,,,,,,,,,,,,,,,,,,,,,,,,,,,,,,,,,,,,,,,,,,,,,,,2,0,blue,true,,,
7,part2-guilty,5,5,0.5,blue,true,,investigate_blue,investigate_blue,investigate_blue,investigate_blue,investigate_red,investigate_red,investigate_red,investigate_red,investigate_blue,investigate_blue,accuse_blue,advance_to_next_trial,,,,,,,,,,,,,,,,,,,,,,,,,,,,,,,,,,,,,,,,,,,,,,,,,,,1891.93150000006,2392.00150000008,2942.0785000001,3442.14849999999,3942.21850000001,4442.28850000002,5009.03450000003,5509.10450000004,6042.51250000004,6542.58249999994,7676.07449999994,9828.28879999993,,,,,,,,,,,,,,,,,,,,,,,,,,,,,,,,,,,,,,,,,,,,,,,,,,,0,0,0,0,,,,,,,,,,,,,,,,,,,,,,,,,,,0,0,0,0,0,1,,,,,,,,,,,,,,,,,,,,,,,,,10,1,blue,true,,,
8,part2-guilty,10,10,0.7,red,true,,investigate_red,investigate_red,investigate_red,investigate_red,investigate_red,accuse_red,advance_to_next_trial,,,,,,,,,,,,,,,,,,,,,,,,,,,,,,,,,,,,,,,,,,,,,,,,,,,,,,,,4310.60339999989,4810.6733999999,5360.75039999991,5860.82039999991,6360.89039999992,7244.34739999981,9563.25059999985,,,,,,,,,,,,,,,,,,,,,,,,,,,,,,,,,,,,,,,,,,,,,,,,,,,,,,,,0,0,0,0,1,,,,,,,,,,,,,,,,,,,,,,,,,,,,,,,,,,,,,,,,,,,,,,,,,,,,,,,,5,1,red,true,,,
9,part2-guilty,10,10,0.5,red,true,,investigate_red,accuse_red,advance_to_next_trial,,,,,,,,,,,,,,,,,,,,,,,,,,,,,,,,,,,,,,,,,,,,,,,,,,,,,,,,,,,,1666.90000000003,2933.74400000001,3935.55090000005,,,,,,,,,,,,,,,,,,,,,,,,,,,,,,,,,,,,,,,,,,,,,,,,,,,,,,,,,,,,1,,,,,,,,,,,,,,,,,,,,,,,,,,,,,,,,,,,,,,,,,,,,,,,,,,,,,,,,,,,,1,1,red,true,,,
10,part2-guilty,5,5,0.3,red,true,,investigate_blue,investigate_blue,investigate_blue,investigate_blue,investigate_blue,investigate_blue,investigate_blue,investigate_blue,investigate_red,accuse_red,advance_to_next_trial,,,,,,,,,,,,,,,,,,,,,,,,,,,,,,,,,,,,,,,,,,,,,,,,,,,,2091.95950000007,2592.02950000009,3092.09949999998,3592.1695,4142.24650000002,4642.31650000002,5142.38650000003,5725.8015,6975.97650000001,7859.43350000002,8861.24039999998,,,,,,,,,,,,,,,,,,,,,,,,,,,,,,,,,,,,,,,,,,,,,,,,,,,,1,,,,,,,,,,,,,,,,,,,,,,,,,,,,,,0,0,0,0,0,0,0,0,,,,,,,,,,,,,,,,,,,,,,,9,1,red,true,,,
11,part2-guilty,80,80,0.1,blue,true,,accuse_blue,advance_to_next_trial,,,,,,,,,,,,,,,,,,,,,,,,,,,,,,,,,,,,,,,,,,,,,,,,,,,,,,,,,,,,,3558.8315,4560.63839999996,,,,,,,,,,,,,,,,,,,,,,,,,,,,,,,,,,,,,,,,,,,,,,,,,,,,,,,,,,,,,,,,,,,,,,,,,,,,,,,,,,,,,,,,,,,,,,,,,,,,,,,,,,,,,,,,,,,,,,,,,0,0,blue,true,,,
12,part2-guilty,40,40,0.3,blue,true,,investigate_red,investigate_red,investigate_red,accuse_blue,advance_to_next_trial,,,,,,,,,,,,,,,,,,,,,,,,,,,,,,,,,,,,,,,,,,,,,,,,,,,,,,,,,,4359.24159999996,4859.31159999997,5392.71959999991,6076.14859999992,7077.95549999995,,,,,,,,,,,,,,,,,,,,,,,,,,,,,,,,,,,,,,,,,,,,,,,,,,,,,,,,,,0,0,0,,,,,,,,,,,,,,,,,,,,,,,,,,,,,,,,,,,,,,,,,,,,,,,,,,,,,,,,,,3,0,blue,true,,,
13,part2-guilty,80,80,0.9,red,true,,accuse_red,advance_to_next_trial,,,,,,,,,,,,,,,,,,,,,,,,,,,,,,,,,,,,,,,,,,,,,,,,,,,,,,,,,,,,,2692.04350000006,3810.5334,,,,,,,,,,,,,,,,,,,,,,,,,,,,,,,,,,,,,,,,,,,,,,,,,,,,,,,,,,,,,,,,,,,,,,,,,,,,,,,,,,,,,,,,,,,,,,,,,,,,,,,,,,,,,,,,,,,,,,,,,0,0,red,true,,,
14,part2-guilty,5,5,0.1,blue,true,,investigate_blue,investigate_blue,investigate_blue,investigate_blue,investigate_blue,investigate_blue,accuse_blue,advance_to_next_trial,,,,,,,,,,,,,,,,,,,,,,,,,,,,,,,,,,,,,,,,,,,,,,,,,,,,,,,2708.95890000003,3209.02889999999,3709.09890000001,4209.16890000003,4709.23890000003,5209.30890000004,6026.08990000005,7027.89680000001,,,,,,,,,,,,,,,,,,,,,,,,,,,,,,,,,,,,,,,,,,,,,,,,,,,,,,,,,,,,,,,,,,,,,,,,,,,,,,,,,,,,,0,0,0,0,0,1,,,,,,,,,,,,,,,,,,,,,,,,,6,1,blue,true,,,
15,part2-guilty,20,20,0.3,blue,true,,investigate_blue,investigate_blue,investigate_blue,investigate_blue,investigate_blue,investigate_blue,investigate_blue,investigate_blue,investigate_blue,investigate_red,investigate_red,investigate_red,investigate_red,investigate_red,investigate_red,investigate_red,investigate_red,investigate_blue,investigate_blue,investigate_blue,accuse_blue,advance_to_next_trial,,,,,,,,,,,,,,,,,,,,,,,,,,,,,,,,,,,,,,,,,2425.33949999996,3942.2185,4442.54039999997,4959.27939999998,5492.68739999998,6059.43339999999,6559.5034,7126.24939999988,7626.31939999988,8126.38939999989,8643.1283999999,9426.5713999999,9926.64139999991,10493.3873999998,10993.4573999998,11576.8723999998,12176.9563999998,12743.7023999998,13310.4483999998,13877.1943999997,14710.9160999997,15929.4199999997,,,,,,,,,,,,,,,,,,,,,,,,,,,,,,,,,,,,,,,,,0,0,0,0,0,0,0,0,,,,,,,,,,,,,,,,,,,,,,,0,0,0,0,0,0,0,0,0,0,0,1,,,,,,,,,,,,,,,,,,,20,1,blue,true,,,
16,part2-guilty,20,20,0.1,blue,true,,investigate_blue,investigate_blue,accuse_blue,advance_to_next_trial,,,,,,,,,,,,,,,,,,,,,,,,,,,,,,,,,,,,,,,,,,,,,,,,,,,,,,,,,,,5825.81549999999,6375.89249999999,7142.6665,8628.11089999979,,,,,,,,,,,,,,,,,,,,,,,,,,,,,,,,,,,,,,,,,,,,,,,,,,,,,,,,,,,,,,,,,,,,,,,,,,,,,,,,,,,,,,,,,0,1,,,,,,,,,,,,,,,,,,,,,,,,,,,,,2,1,blue,true,,,
17,part2-guilty,40,40,0.5,blue,true,,investigate_blue,accuse_blue,advance_to_next_trial,,,,,,,,,,,,,,,,,,,,,,,,,,,,,,,,,,,,,,,,,,,,,,,,,,,,,,,,,,,,3533.82800000009,4417.28500000012,5419.09190000008,,,,,,,,,,,,,,,,,,,,,,,,,,,,,,,,,,,,,,,,,,,,,,,,,,,,,,,,,,,,,,,,,,,,,,,,,,,,,,,,,,,,,,,,,,1,,,,,,,,,,,,,,,,,,,,,,,,,,,,,,1,1,blue,true,,,
18,part2-guilty,40,40,0.7,red,true,,investigate_blue,investigate_blue,investigate_blue,accuse_red,advance_to_next_trial,,,,,,,,,,,,,,,,,,,,,,,,,,,,,,,,,,,,,,,,,,,,,,,,,,,,,,,,,,5310.91609999979,5877.66209999979,6377.7320999998,6894.47109999981,7996.29199999976,,,,,,,,,,,,,,,,,,,,,,,,,,,,,,,,,,,,,,,,,,,,,,,,,,,,,,,,,,,,,,,,,,,,,,,,,,,,,,,,,,,,,,,,0,0,0,,,,,,,,,,,,,,,,,,,,,,,,,,,,3,0,red,true,,,
19,part2-guilty,40,40,0.1,blue,true,,investigate_red,investigate_red,investigate_red,accuse_blue,advance_to_next_trial,,,,,,,,,,,,,,,,,,,,,,,,,,,,,,,,,,,,,,,,,,,,,,,,,,,,,,,,,,3942.21850000008,4442.28850000004,4942.35850000004,5659.12550000005,6661.27010000007,,,,,,,,,,,,,,,,,,,,,,,,,,,,,,,,,,,,,,,,,,,,,,,,,,,,,,,,,,0,0,0,,,,,,,,,,,,,,,,,,,,,,,,,,,,,,,,,,,,,,,,,,,,,,,,,,,,,,,,,,3,0,blue,true,,,
20,part2-guilty,5,5,0.7,red,true,,investigate_red,investigate_red,investigate_red,accuse_red,advance_to_next_trial,,,,,,,,,,,,,,,,,,,,,,,,,,,,,,,,,,,,,,,,,,,,,,,,,,,,,,,,,,2091.95949999994,2592.02949999997,3092.09949999999,4008.89449999999,5627.45439999993,,,,,,,,,,,,,,,,,,,,,,,,,,,,,,,,,,,,,,,,,,,,,,,,,,,,,,,,,,0,0,1,,,,,,,,,,,,,,,,,,,,,,,,,,,,,,,,,,,,,,,,,,,,,,,,,,,,,,,,,,3,1,red,true,,,
21,part2-guilty,80,80,0.7,red,true,,investigate_blue,investigate_blue,investigate_blue,accuse_red,advance_to_next_trial,,,,,,,,,,,,,,,,,,,,,,,,,,,,,,,,,,,,,,,,,,,,,,,,,,,,,,,,,,5575.9950000001,6409.44500000012,7092.87400000007,8359.71800000008,9359.8580000001,,,,,,,,,,,,,,,,,,,,,,,,,,,,,,,,,,,,,,,,,,,,,,,,,,,,,,,,,,,,,,,,,,,,,,,,,,,,,,,,,,,,,,,,0,0,0,,,,,,,,,,,,,,,,,,,,,,,,,,,,3,0,red,true,,,
22,part2-guilty,10,10,0.3,blue,true,,investigate_blue,accuse_blue,advance_to_next_trial,,,,,,,,,,,,,,,,,,,,,,,,,,,,,,,,,,,,,,,,,,,,,,,,,,,,,,,,,,,,1291.84750000004,2108.62850000007,3143.77339999998,,,,,,,,,,,,,,,,,,,,,,,,,,,,,,,,,,,,,,,,,,,,,,,,,,,,,,,,,,,,,,,,,,,,,,,,,,,,,,,,,,,,,,,,,,1,,,,,,,,,,,,,,,,,,,,,,,,,,,,,,1,1,blue,true,,,
23,part2-guilty,80,80,0.5,blue,true,,investigate_blue,investigate_blue,accuse_red,advance_to_next_trial,,,,,,,,,,,,,,,,,,,,,,,,,,,,,,,,,,,,,,,,,,,,,,,,,,,,,,,,,,,3975.85460000008,8126.43559999996,9076.56859999997,10610.1166,,,,,,,,,,,,,,,,,,,,,,,,,,,,,,,,,,,,,,,,,,,,,,,,,,,,,,,,,,,,,,,,,,,,,,,,,,,,,,,,,,,,,,,,,0,0,,,,,,,,,,,,,,,,,,,,,,,,,,,,,2,0,red,false,,,
24,part2-guilty,20,20,0.7,red,true,,investigate_red,accuse_red,advance_to_next_trial,,,,,,,,,,,,,,,,,,,,,,,,,,,,,,,,,,,,,,,,,,,,,,,,,,,,,,,,,,,,3475.72740000004,4425.8604,5426.00040000003,,,,,,,,,,,,,,,,,,,,,,,,,,,,,,,,,,,,,,,,,,,,,,,,,,,,,,,,,,,,1,,,,,,,,,,,,,,,,,,,,,,,,,,,,,,,,,,,,,,,,,,,,,,,,,,,,,,,,,,,,1,1,red,true,,,
25,part2-guilty,20,20,0.5,blue,true,,investigate_blue,investigate_blue,investigate_blue,investigate_blue,investigate_red,investigate_red,investigate_red,investigate_red,investigate_blue,accuse_blue,advance_to_next_trial,,,,,,,,,,,,,,,,,,,,,,,,,,,,,,,,,,,,,,,,,,,,,,,,,,,,1641.89649999999,2225.31150000001,2792.05750000003,3292.12750000004,3792.19749999994,4342.27449999996,4842.34449999997,5392.42149999997,5892.74119999997,6809.53619999999,9494.91209999996,,,,,,,,,,,,,,,,,,,,,,,,,,,,,,,,,,,,,,,,,,,,,,,,,,,,0,0,0,0,,,,,,,,,,,,,,,,,,,,,,,,,,,0,0,0,0,1,,,,,,,,,,,,,,,,,,,,,,,,,,9,1,blue,true,,,
1,part3-guilty,,,,blue,true,,investigate_blue,investigate_blue,accuse_blue,advance_to_next_trial,,,,,,,,,,,,,,,,,,,,,,,,,,,,,,,,,,,,,,,,,,,,,,,,,,,,,,,,,,,9194.88219999992,9694.95219999997,10645.0852,12648.6989999998,,,,,,,,,,,,,,,,,,,,,,,,,,,,,,,,,,,,,,,,,,,,,,,,,,,,,,,,,,,,,,,,,,,,,,,,,,,,,,,,,,,,,,,,,0,1,,,,,,,,,,,,,,,,,,,,,,,,,,,,,2,1,blue,true,,,
2,part3-guilty,,,,red,true,,investigate_blue,investigate_blue,investigate_blue,investigate_blue,investigate_blue,investigate_blue,investigate_red,accuse_red,advance_to_next_trial,,,,,,,,,,,,,,,,,,,,,,,,,,,,,,,,,,,,,,,,,,,,,,,,,,,,,,2042.20769999983,2542.27769999986,3109.02369999988,3659.10069999988,4159.17069999992,4675.90969999993,5259.32469999986,6092.77469999984,7427.96159999991,,,,,,,,,,,,,,,,,,,,,,,,,,,,,,,,,,,,,,,,,,,,,,,,,,,,,,1,,,,,,,,,,,,,,,,,,,,,,,,,,,,,,0,0,0,0,0,0,,,,,,,,,,,,,,,,,,,,,,,,,7,1,red,true,,,
3,part3-guilty,,,,red,true,,investigate_blue,investigate_blue,investigate_blue,accuse_red,advance_to_next_trial,,,,,,,,,,,,,,,,,,,,,,,,,,,,,,,,,,,,,,,,,,,,,,,,,,,,,,,,,,2975.41649999997,3525.49349999998,4025.81539999999,4875.93439999997,5994.42429999998,,,,,,,,,,,,,,,,,,,,,,,,,,,,,,,,,,,,,,,,,,,,,,,,,,,,,,,,,,,,,,,,,,,,,,,,,,,,,,,,,,,,,,,,0,0,0,,,,,,,,,,,,,,,,,,,,,,,,,,,,3,0,red,true,,,
4,part3-guilty,,,,blue,true,,investigate_blue,investigate_blue,investigate_blue,accuse_blue,advance_to_next_trial,,,,,,,,,,,,,,,,,,,,,,,,,,,,,,,,,,,,,,,,,,,,,,,,,,,,,,,,,,1858.59349999989,2358.66349999993,2858.73349999994,3625.50749999994,4627.31439999987,,,,,,,,,,,,,,,,,,,,,,,,,,,,,,,,,,,,,,,,,,,,,,,,,,,,,,,,,,,,,,,,,,,,,,,,,,,,,,,,,,,,,,,,0,0,1,,,,,,,,,,,,,,,,,,,,,,,,,,,,3,1,blue,true,,,
5,part3-guilty,,,,blue,true,,investigate_blue,investigate_blue,investigate_blue,accuse_blue,advance_to_next_trial,,,,,,,,,,,,,,,,,,,,,,,,,,,,,,,,,,,,,,,,,,,,,,,,,,,,,,,,,,1875.26249999994,2392.00149999997,2975.4165,3575.75239999988,4575.89239999994,,,,,,,,,,,,,,,,,,,,,,,,,,,,,,,,,,,,,,,,,,,,,,,,,,,,,,,,,,,,,,,,,,,,,,,,,,,,,,,,,,,,,,,,0,0,1,,,,,,,,,,,,,,,,,,,,,,,,,,,,3,1,blue,true,,,
6,part3-guilty,,,,red,true,,investigate_red,investigate_red,investigate_red,investigate_red,accuse_red,advance_to_next_trial,,,,,,,,,,,,,,,,,,,,,,,,,,,,,,,,,,,,,,,,,,,,,,,,,,,,,,,,,2542.02249999992,3158.77549999997,3658.84549999997,4158.91550000002,5109.04850000004,6110.85540000007,,,,,,,,,,,,,,,,,,,,,,,,,,,,,,,,,,,,,,,,,,,,,,,,,,,,,,,,,0,0,0,1,,,,,,,,,,,,,,,,,,,,,,,,,,,,,,,,,,,,,,,,,,,,,,,,,,,,,,,,,4,1,red,true,,,
7,part3-guilty,,,,red,true,,accuse_red,advance_to_next_trial,,,,,,,,,,,,,,,,,,,,,,,,,,,,,,,,,,,,,,,,,,,,,,,,,,,,,,,,,,,,,7726.33230000005,8728.1392,,,,,,,,,,,,,,,,,,,,,,,,,,,,,,,,,,,,,,,,,,,,,,,,,,,,,,,,,,,,,,,,,,,,,,,,,,,,,,,,,,,,,,,,,,,,,,,,,,,,,,,,,,,,,,,,,,,,,,,,,0,0,red,true,,,
8,part3-guilty,,,,blue,true,,investigate_blue,investigate_blue,accuse_blue,advance_to_next_trial,,,,,,,,,,,,,,,,,,,,,,,,,,,,,,,,,,,,,,,,,,,,,,,,,,,,,,,,,,,1241.84049999997,1758.57949999992,2425.33949999989,3460.48439999992,,,,,,,,,,,,,,,,,,,,,,,,,,,,,,,,,,,,,,,,,,,,,,,,,,,,,,,,,,,,,,,,,,,,,,,,,,,,,,,,,,,,,,,,,0,1,,,,,,,,,,,,,,,,,,,,,,,,,,,,,2,1,blue,true,,,
9,part3-guilty,,,,red,true,,investigate_red,investigate_red,investigate_red,accuse_red,advance_to_next_trial,,,,,,,,,,,,,,,,,,,,,,,,,,,,,,,,,,,,,,,,,,,,,,,,,,,,,,,,,,2858.98980000011,3425.7358000001,3942.47480000005,4725.91780000005,6446.15859999999,,,,,,,,,,,,,,,,,,,,,,,,,,,,,,,,,,,,,,,,,,,,,,,,,,,,,,,,,,0,0,1,,,,,,,,,,,,,,,,,,,,,,,,,,,,,,,,,,,,,,,,,,,,,,,,,,,,,,,,,,3,1,red,true,,,
10,part3-guilty,,,,red,true,,investigate_red,accuse_red,advance_to_next_trial,,,,,,,,,,,,,,,,,,,,,,,,,,,,,,,,,,,,,,,,,,,,,,,,,,,,,,,,,,,,1591.88950000004,2475.34650000007,3477.15340000012,,,,,,,,,,,,,,,,,,,,,,,,,,,,,,,,,,,,,,,,,,,,,,,,,,,,,,,,,,,,1,,,,,,,,,,,,,,,,,,,,,,,,,,,,,,,,,,,,,,,,,,,,,,,,,,,,,,,,,,,,1,1,red,true,,,
11,part3-guilty,,,,blue,true,,investigate_blue,investigate_blue,investigate_blue,accuse_blue,advance_to_next_trial,,,,,,,,,,,,,,,,,,,,,,,,,,,,,,,,,,,,,,,,,,,,,,,,,,,,,,,,,,1742.16349999991,2242.23349999993,2742.30349999996,4909.27350000001,5911.08039999994,,,,,,,,,,,,,,,,,,,,,,,,,,,,,,,,,,,,,,,,,,,,,,,,,,,,,,,,,,,,,,,,,,,,,,,,,,,,,,,,,,,,,,,,0,0,1,,,,,,,,,,,,,,,,,,,,,,,,,,,,3,1,blue,true,,,
12,part3-guilty,,,,red,true,,investigate_red,investigate_red,accuse_red,advance_to_next_trial,,,,,,,,,,,,,,,,,,,,,,,,,,,,,,,,,,,,,,,,,,,,,,,,,,,,,,,,,,,1991.94549999997,2608.69849999996,5075.95690000003,6077.76380000008,,,,,,,,,,,,,,,,,,,,,,,,,,,,,,,,,,,,,,,,,,,,,,,,,,,,,,,,,,,0,1,,,,,,,,,,,,,,,,,,,,,,,,,,,,,,,,,,,,,,,,,,,,,,,,,,,,,,,,,,,2,1,red,true,,,
13,part3-guilty,,,,blue,true,,investigate_red,investigate_red,accuse_blue,advance_to_next_trial,,,,,,,,,,,,,,,,,,,,,,,,,,,,,,,,,,,,,,,,,,,,,,,,,,,,,,,,,,,4725.66150000008,5425.75949999998,6459.23750000001,7511.05140000006,,,,,,,,,,,,,,,,,,,,,,,,,,,,,,,,,,,,,,,,,,,,,,,,,,,,,,,,,,,0,0,,,,,,,,,,,,,,,,,,,,,,,,,,,,,,,,,,,,,,,,,,,,,,,,,,,,,,,,,,,2,0,blue,true,,,
14,part3-guilty,,,,red,true,,investigate_blue,investigate_blue,accuse_red,advance_to_next_trial,,,,,,,,,,,,,,,,,,,,,,,,,,,,,,,,,,,,,,,,,,,,,,,,,,,,,,,,,,,5526.03860000002,6026.10860000009,6742.87560000012,7744.68250000015,,,,,,,,,,,,,,,,,,,,,,,,,,,,,,,,,,,,,,,,,,,,,,,,,,,,,,,,,,,,,,,,,,,,,,,,,,,,,,,,,,,,,,,,,0,0,,,,,,,,,,,,,,,,,,,,,,,,,,,,,2,0,red,true,,,
15,part3-guilty,,,,red,true,,investigate_blue,investigate_blue,accuse_red,advance_to_next_trial,,,,,,,,,,,,,,,,,,,,,,,,,,,,,,,,,,,,,,,,,,,,,,,,,,,,,,,,,,,2475.34650000009,3158.77550000011,4542.52580000002,5544.33270000008,,,,,,,,,,,,,,,,,,,,,,,,,,,,,,,,,,,,,,,,,,,,,,,,,,,,,,,,,,,,,,,,,,,,,,,,,,,,,,,,,,,,,,,,,0,0,,,,,,,,,,,,,,,,,,,,,,,,,,,,,2,0,red,true,,,
16,part3-guilty,,,,red,true,,investigate_red,investigate_red,investigate_red,accuse_red,advance_to_next_trial,,,,,,,,,,,,,,,,,,,,,,,,,,,,,,,,,,,,,,,,,,,,,,,,,,,,,,,,,,121061.385600007,121711.476600007,122211.546600007,123195.017600007,124365.181400007,,,,,,,,,,,,,,,,,,,,,,,,,,,,,,,,,,,,,,,,,,,,,,,,,,,,,,,,,,0,0,1,,,,,,,,,,,,,,,,,,,,,,,,,,,,,,,,,,,,,,,,,,,,,,,,,,,,,,,,,,3,1,red,true,,,
17,part3-guilty,,,,red,true,,investigate_blue,investigate_blue,investigate_blue,investigate_blue,accuse_red,advance_to_next_trial,,,,,,,,,,,,,,,,,,,,,,,,,,,,,,,,,,,,,,,,,,,,,,,,,,,,,,,,,1878.59630000006,3312.13030000013,5079.04430000018,6195.86730000024,6912.63430000014,7914.44120000017,,,,,,,,,,,,,,,,,,,,,,,,,,,,,,,,,,,,,,,,,,,,,,,,,,,,,,,,,,,,,,,,,,,,,,,,,,,,,,,,,,,,,,,0,0,0,0,,,,,,,,,,,,,,,,,,,,,,,,,,,4,0,red,true,,,
18,part3-guilty,,,,red,true,,investigate_red,investigate_red,investigate_red,investigate_red,investigate_red,accuse_red,advance_to_next_trial,,,,,,,,,,,,,,,,,,,,,,,,,,,,,,,,,,,,,,,,,,,,,,,,,,,,,,,,2141.96650000007,2675.37450000005,3175.44450000012,3675.51450000008,4175.58450000015,4992.36550000016,6077.51740000018,,,,,,,,,,,,,,,,,,,,,,,,,,,,,,,,,,,,,,,,,,,,,,,,,,,,,,,,0,0,0,0,1,,,,,,,,,,,,,,,,,,,,,,,,,,,,,,,,,,,,,,,,,,,,,,,,,,,,,,,,5,1,red,true,,,
19,part3-guilty,,,,blue,true,,investigate_blue,investigate_blue,investigate_blue,investigate_blue,accuse_blue,advance_to_next_trial,,,,,,,,,,,,,,,,,,,,,,,,,,,,,,,,,,,,,,,,,,,,,,,,,,,,,,,,,1608.81590000003,2192.23089999997,2742.30789999998,3359.06089999999,16144.4335999999,17329.5994999999,,,,,,,,,,,,,,,,,,,,,,,,,,,,,,,,,,,,,,,,,,,,,,,,,,,,,,,,,,,,,,,,,,,,,,,,,,,,,,,,,,,,,,,0,0,0,1,,,,,,,,,,,,,,,,,,,,,,,,,,,4,1,blue,true,,,
20,part3-guilty,,,,red,true,,investigate_blue,investigate_blue,investigate_blue,investigate_blue,investigate_blue,investigate_blue,investigate_blue,investigate_blue,investigate_red,investigate_red,investigate_red,investigate_red,investigate_red,investigate_red,investigate_blue,investigate_blue,investigate_blue,investigate_blue,investigate_blue,investigate_red,accuse_red,advance_to_next_trial,,,,,,,,,,,,,,,,,,,,,,,,,,,,,,,,,,,,,,,,,8992.92550000001,9492.99550000002,9993.06550000001,10543.1425,11043.2125,11543.2825000001,12043.3525,12543.4225000001,13843.8498000001,14343.9198000001,14843.9898,15344.0598,15860.7987999999,16727.5868,17294.3328,17794.4027999999,18294.4727999999,18911.2257999999,19411.2957999999,19961.3727999999,20761.4847999999,21764.9585999999,,,,,,,,,,,,,,,,,,,,,,,,,,,,,,,,,,,,,,,,,0,0,0,0,0,0,1,,,,,,,,,,,,,,,,,,,,,,,,0,0,0,0,0,0,0,0,0,0,0,0,0,,,,,,,,,,,,,,,,,,20,1,red,true,,,
21,part3-guilty,,,,red,true,,investigate_red,investigate_red,investigate_red,investigate_red,investigate_red,accuse_red,advance_to_next_trial,,,,,,,,,,,,,,,,,,,,,,,,,,,,,,,,,,,,,,,,,,,,,,,,,,,,,,,,2143.88970000008,2643.95970000013,3244.04370000014,3744.11370000015,4244.18370000004,4977.61970000008,5977.75970000011,,,,,,,,,,,,,,,,,,,,,,,,,,,,,,,,,,,,,,,,,,,,,,,,,,,,,,,,0,0,0,0,1,,,,,,,,,,,,,,,,,,,,,,,,,,,,,,,,,,,,,,,,,,,,,,,,,,,,,,,,5,1,red,true,,,
22,part3-guilty,,,,red,true,,investigate_blue,investigate_blue,investigate_blue,accuse_red,advance_to_next_trial,,,,,,,,,,,,,,,,,,,,,,,,,,,,,,,,,,,,,,,,,,,,,,,,,,,,,,,,,,7776.30740000005,8443.06740000006,8993.14440000004,9559.89040000009,10561.6973000001,,,,,,,,,,,,,,,,,,,,,,,,,,,,,,,,,,,,,,,,,,,,,,,,,,,,,,,,,,,,,,,,,,,,,,,,,,,,,,,,,,,,,,,,0,0,0,,,,,,,,,,,,,,,,,,,,,,,,,,,,3,0,red,true,,,
23,part3-guilty,,,,red,true,,investigate_red,investigate_red,investigate_red,accuse_red,advance_to_next_trial,,,,,,,,,,,,,,,,,,,,,,,,,,,,,,,,,,,,,,,,,,,,,,,,,,,,,,,,,,2958.74749999993,3925.5495,4575.64049999991,5376.01539999993,6411.16029999997,,,,,,,,,,,,,,,,,,,,,,,,,,,,,,,,,,,,,,,,,,,,,,,,,,,,,,,,,,0,0,1,,,,,,,,,,,,,,,,,,,,,,,,,,,,,,,,,,,,,,,,,,,,,,,,,,,,,,,,,,3,1,red,true,,,
24,part3-guilty,,,,blue,true,,investigate_red,investigate_red,investigate_red,investigate_red,accuse_blue,advance_to_next_trial,,,,,,,,,,,,,,,,,,,,,,,,,,,,,,,,,,,,,,,,,,,,,,,,,,,,,,,,,2375.33250000005,2908.74050000009,4642.31650000003,5142.38650000002,5875.82250000007,6877.62939999996,,,,,,,,,,,,,,,,,,,,,,,,,,,,,,,,,,,,,,,,,,,,,,,,,,,,,,,,,0,0,0,0,,,,,,,,,,,,,,,,,,,,,,,,,,,,,,,,,,,,,,,,,,,,,,,,,,,,,,,,,4,0,blue,true,,,
25,part3-guilty,,,,red,true,,investigate_red,investigate_red,investigate_red,accuse_blue,advance_to_next_trial,,,,,,,,,,,,,,,,,,,,,,,,,,,,,,,,,,,,,,,,,,,,,,,,,,,,,,,,,,6167.81270000014,7568.00870000008,8068.07870000009,8751.5077000001,9753.31460000013,,,,,,,,,,,,,,,,,,,,,,,,,,,,,,,,,,,,,,,,,,,,,,,,,,,,,,,,,,0,0,0,,,,,,,,,,,,,,,,,,,,,,,,,,,,,,,,,,,,,,,,,,,,,,,,,,,,,,,,,,3,0,blue,false,,,
26,part3-guilty,,,,red,true,,investigate_red,investigate_red,investigate_red,investigate_red,investigate_red,accuse_red,advance_to_next_trial,,,,,,,,,,,,,,,,,,,,,,,,,,,,,,,,,,,,,,,,,,,,,,,,,,,,,,,,3109.01819999994,3709.10219999999,4209.17219999998,4792.58720000002,5292.65720000003,6476.15620000011,7477.96310000015,,,,,,,,,,,,,,,,,,,,,,,,,,,,,,,,,,,,,,,,,,,,,,,,,,,,,,,,0,0,0,0,1,,,,,,,,,,,,,,,,,,,,,,,,,,,,,,,,,,,,,,,,,,,,,,,,,,,,,,,,5,1,red,true,,,
27,part3-guilty,,,,blue,true,,investigate_blue,investigate_blue,investigate_blue,accuse_blue,advance_to_next_trial,,,,,,,,,,,,,,,,,,,,,,,,,,,,,,,,,,,,,,,,,,,,,,,,,,,,,,,,,,2208.64250000004,2708.7125,3208.78249999996,3992.22549999996,57602.9232000012,,,,,,,,,,,,,,,,,,,,,,,,,,,,,,,,,,,,,,,,,,,,,,,,,,,,,,,,,,,,,,,,,,,,,,,,,,,,,,,,,,,,,,,,0,0,1,,,,,,,,,,,,,,,,,,,,,,,,,,,,3,1,blue,true,,,
28,part3-guilty,,,,blue,true,,investigate_blue,investigate_blue,accuse_blue,advance_to_next_trial,,,,,,,,,,,,,,,,,,,,,,,,,,,,,,,,,,,,,,,,,,,,,,,,,,,,,,,,,,,1760.24639999993,2643.7034,3510.49139999999,5382.42009999998,,,,,,,,,,,,,,,,,,,,,,,,,,,,,,,,,,,,,,,,,,,,,,,,,,,,,,,,,,,,,,,,,,,,,,,,,,,,,,,,,,,,,,,,,1,0,,,,,,,,,,,,,,,,,,,,,,,,,,,,,2,1,blue,true,,,
29,part3-guilty,,,,blue,true,,investigate_blue,investigate_blue,accuse_blue,advance_to_next_trial,,,,,,,,,,,,,,,,,,,,,,,,,,,,,,,,,,,,,,,,,,,,,,,,,,,,,,,,,,,2592.28139999997,3159.02739999994,3892.46339999998,4894.27030000001,,,,,,,,,,,,,,,,,,,,,,,,,,,,,,,,,,,,,,,,,,,,,,,,,,,,,,,,,,,,,,,,,,,,,,,,,,,,,,,,,,,,,,,,,0,1,,,,,,,,,,,,,,,,,,,,,,,,,,,,,2,1,blue,true,,,
30,part3-guilty,,,,blue,true,,investigate_blue,investigate_blue,investigate_blue,investigate_blue,accuse_blue,advance_to_next_trial,,,,,,,,,,,,,,,,,,,,,,,,,,,,,,,,,,,,,,,,,,,,,,,,,,,,,,,,,1375.19250000003,1941.93850000008,2442.00849999995,2942.07850000001,3642.17650000003,19213.2008999999,,,,,,,,,,,,,,,,,,,,,,,,,,,,,,,,,,,,,,,,,,,,,,,,,,,,,,,,,,,,,,,,,,,,,,,,,,,,,,,,,,,,,,,0,0,0,1,,,,,,,,,,,,,,,,,,,,,,,,,,,4,1,blue,true,,,
31,part3-guilty,,,,blue,true,,investigate_blue,investigate_red,investigate_red,investigate_red,investigate_red,investigate_blue,investigate_blue,investigate_blue,investigate_red,investigate_red,investigate_red,investigate_red,investigate_red,investigate_red,investigate_red,investigate_red,investigate_blue,investigate_blue,investigate_blue,accuse_blue,advance_to_next_trial,,,,,,,,,,,,,,,,,,,,,,,,,,,,,,,,,,,,,,,,,,5073.75333333326,6874.00533333331,7457.42033333325,7957.49033333321,8541.35303333323,9041.42303333322,9574.83103333325,10074.9010333332,10574.9710333332,11075.0410333333,11575.1110333331,12075.1810333332,12575.2510333331,13075.3210333332,13625.3980333331,14292.1580333331,14875.5730333331,15375.643033333,15925.7200333331,16825.8460333331,17829.3198333331,,,,,,,,,,,,,,,,,,,,,,,,,,,,,,,,,,,,,,,,,,0,0,0,0,0,0,0,0,0,0,0,0,,,,,,,,,,,,,,,,,,,0,0,0,0,0,0,1,,,,,,,,,,,,,,,,,,,,,,,,19,1,blue,true,,,
32,part3-guilty,,,,blue,true,,investigate_blue,accuse_blue,advance_to_next_trial,,,,,,,,,,,,,,,,,,,,,,,,,,,,,,,,,,,,,,,,,,,,,,,,,,,,,,,,,,,,2534.02240000002,3334.13440000001,4335.94130000006,,,,,,,,,,,,,,,,,,,,,,,,,,,,,,,,,,,,,,,,,,,,,,,,,,,,,,,,,,,,,,,,,,,,,,,,,,,,,,,,,,,,,,,,,,1,,,,,,,,,,,,,,,,,,,,,,,,,,,,,,1,1,blue,true,,,
33,part3-guilty,,,,red,true,,investigate_red,investigate_red,investigate_red,investigate_red,investigate_red,investigate_red,investigate_red,investigate_red,investigate_blue,investigate_blue,investigate_blue,investigate_blue,investigate_red,investigate_red,investigate_red,investigate_red,accuse_red,advance_to_next_trial,,,,,,,,,,,,,,,,,,,,,,,,,,,,,,,,,,,,,,,,,,,,,1125.15750000001,1675.23449999995,2191.97349999994,2692.0435,3192.11349999997,3792.19750000002,4292.26750000003,4792.33749999994,5359.08349999995,5926.01029999997,6509.4931,7076.23909999998,7576.30910000005,8076.37910000003,8576.44910000007,9093.18810000006,9876.63109999993,10878.4379999999,,,,,,,,,,,,,,,,,,,,,,,,,,,,,,,,,,,,,,,,,,,,,0,0,0,0,0,0,0,0,0,0,0,1,,,,,,,,,,,,,,,,,,,0,0,0,0,,,,,,,,,,,,,,,,,,,,,,,,,,,16,1,red,true,,,
34,part3-guilty,,,,blue,true,,investigate_red,investigate_red,investigate_red,investigate_red,investigate_red,investigate_red,accuse_blue,advance_to_next_trial,,,,,,,,,,,,,,,,,,,,,,,,,,,,,,,,,,,,,,,,,,,,,,,,,,,,,,,2291.98750000013,2908.74050000012,3425.47950000001,3925.54950000003,4458.95750000005,4975.71640000007,5542.6614000001,6577.80630000014,,,,,,,,,,,,,,,,,,,,,,,,,,,,,,,,,,,,,,,,,,,,,,,,,,,,,,,0,0,0,0,0,0,,,,,,,,,,,,,,,,,,,,,,,,,,,,,,,,,,,,,,,,,,,,,,,,,,,,,,,6,0,blue,true,,,
35,part3-guilty,,,,red,true,,investigate_red,investigate_red,investigate_red,investigate_red,investigate_red,accuse_red,advance_to_next_trial,,,,,,,,,,,,,,,,,,,,,,,,,,,,,,,,,,,,,,,,,,,,,,,,,,,,,,,,1875.26250000002,2375.33250000009,2875.40249999993,3375.47249999999,3875.54249999999,5359.08350000003,6359.22349999994,,,,,,,,,,,,,,,,,,,,,,,,,,,,,,,,,,,,,,,,,,,,,,,,,,,,,,,,0,0,0,0,1,,,,,,,,,,,,,,,,,,,,,,,,,,,,,,,,,,,,,,,,,,,,,,,,,,,,,,,,5,1,red,true,,,
36,part3-guilty,,,,red,true,,investigate_red,investigate_red,accuse_red,advance_to_next_trial,,,,,,,,,,,,,,,,,,,,,,,,,,,,,,,,,,,,,,,,,,,,,,,,,,,,,,,,,,,12148.1637333325,12714.9097333325,13615.0357333325,14668.5165333327,,,,,,,,,,,,,,,,,,,,,,,,,,,,,,,,,,,,,,,,,,,,,,,,,,,,,,,,,,,1,0,,,,,,,,,,,,,,,,,,,,,,,,,,,,,,,,,,,,,,,,,,,,,,,,,,,,,,,,,,,2,1,red,true,,,
37,part3-guilty,,,,blue,true,,investigate_blue,investigate_blue,investigate_blue,investigate_blue,investigate_blue,investigate_blue,investigate_blue,investigate_blue,investigate_blue,investigate_blue,investigate_blue,investigate_red,investigate_red,investigate_blue,investigate_blue,investigate_blue,accuse_blue,advance_to_next_trial,,,,,,,,,,,,,,,,,,,,,,,,,,,,,,,,,,,,,,,,,,,,,1526.8804,2060.28840000008,2560.35839999991,3143.77339999997,3693.85040000004,4227.25840000012,4727.32840000004,5227.39840000004,5860.82040000009,6360.89040000018,6894.29840000022,7677.74140000026,8777.89540000041,9361.31040000045,11044.8794000004,12961.8144000006,14445.3554000003,15730.5353000004,,,,,,,,,,,,,,,,,,,,,,,,,,,,,,,,,,,,,,,,,,,,,0,0,,,,,,,,,,,,,,,,,,,,,,,,,,,,,0,0,0,0,0,0,0,0,0,0,0,0,,,,,,,,,,,,,,,,,,,14,0,blue,true,,,
38,part3-guilty,,,,blue,true,,investigate_blue,investigate_blue,investigate_blue,accuse_blue,advance_to_next_trial,,,,,,,,,,,,,,,,,,,,,,,,,,,,,,,,,,,,,,,,,,,,,,,,,,,,,,,,,,1843.64839999992,2343.97490000001,2894.05189999996,3577.48089999999,4729.30880000011,,,,,,,,,,,,,,,,,,,,,,,,,,,,,,,,,,,,,,,,,,,,,,,,,,,,,,,,,,,,,,,,,,,,,,,,,,,,,,,,,,,,,,,,0,0,1,,,,,,,,,,,,,,,,,,,,,,,,,,,,3,1,blue,true,,,
39,part3-guilty,,,,red,true,,accuse_red,advance_to_next_trial,,,,,,,,,,,,,,,,,,,,,,,,,,,,,,,,,,,,,,,,,,,,,,,,,,,,,,,,,,,,,5109.04850000008,6109.18850000026,,,,,,,,,,,,,,,,,,,,,,,,,,,,,,,,,,,,,,,,,,,,,,,,,,,,,,,,,,,,,,,,,,,,,,,,,,,,,,,,,,,,,,,,,,,,,,,,,,,,,,,,,,,,,,,,,,,,,,,,,0,0,red,true,,,
40,part3-guilty,,,,blue,true,,investigate_red,investigate_red,investigate_red,investigate_red,investigate_red,investigate_red,accuse_blue,advance_to_next_trial,,,,,,,,,,,,,,,,,,,,,,,,,,,,,,,,,,,,,,,,,,,,,,,,,,,,,,,1492.12629999989,1992.19629999998,2492.26630000006,2992.3362999999,3509.07529999972,4675.90529999985,5559.36229999981,6711.19019999994,,,,,,,,,,,,,,,,,,,,,,,,,,,,,,,,,,,,,,,,,,,,,,,,,,,,,,,0,0,0,0,0,0,,,,,,,,,,,,,,,,,,,,,,,,,,,,,,,,,,,,,,,,,,,,,,,,,,,,,,,6,0,blue,true,,,
41,part3-guilty,,,,blue,true,,investigate_red,investigate_red,investigate_red,investigate_red,accuse_blue,advance_to_next_trial,,,,,,,,,,,,,,,,,,,,,,,,,,,,,,,,,,,,,,,,,,,,,,,,,,,,,,,,,3975.55650000015,4475.7553000001,5275.91560000011,5775.98559999994,6276.05559999997,7277.86249999996,,,,,,,,,,,,,,,,,,,,,,,,,,,,,,,,,,,,,,,,,,,,,,,,,,,,,,,,,0,0,0,0,,,,,,,,,,,,,,,,,,,,,,,,,,,,,,,,,,,,,,,,,,,,,,,,,,,,,,,,,4,0,blue,true,,,
42,part3-guilty,,,,blue,true,,investigate_red,investigate_red,investigate_red,investigate_red,investigate_red,accuse_blue,advance_to_next_trial,,,,,,,,,,,,,,,,,,,,,,,,,,,,,,,,,,,,,,,,,,,,,,,,,,,,,,,,8643.21420000023,9193.2912000003,9693.3612000004,10193.4312000004,10726.8392000003,11226.9092000004,12345.3991000006,,,,,,,,,,,,,,,,,,,,,,,,,,,,,,,,,,,,,,,,,,,,,,,,,,,,,,,,0,0,0,0,0,,,,,,,,,,,,,,,,,,,,,,,,,,,,,,,,,,,,,,,,,,,,,,,,,,,,,,,,5,0,blue,true,,,
43,part3-guilty,,,,blue,true,,investigate_blue,investigate_blue,investigate_blue,investigate_blue,investigate_blue,investigate_blue,investigate_blue,investigate_blue,accuse_blue,advance_to_next_trial,,,,,,,,,,,,,,,,,,,,,,,,,,,,,,,,,,,,,,,,,,,,,,,,,,,,,4525.63350000002,5092.62480000008,5592.69480000018,6126.10280000007,6626.17280000009,7126.24279999992,7642.98180000001,8143.05179999984,8976.50179999999,9978.30869999975,,,,,,,,,,,,,,,,,,,,,,,,,,,,,,,,,,,,,,,,,,,,,,,,,,,,,,,,,,,,,,,,,,,,,,,,,,,,,,,,,,,0,0,0,0,0,0,0,1,,,,,,,,,,,,,,,,,,,,,,,8,1,blue,true,,,
44,part3-guilty,,,,red,true,,investigate_red,investigate_red,accuse_red,advance_to_next_trial,,,,,,,,,,,,,,,,,,,,,,,,,,,,,,,,,,,,,,,,,,,,,,,,,,,,,,,,,,,56867.7575999999,57367.8275999998,59318.1005999998,60354.9123999997,,,,,,,,,,,,,,,,,,,,,,,,,,,,,,,,,,,,,,,,,,,,,,,,,,,,,,,,,,,0,1,,,,,,,,,,,,,,,,,,,,,,,,,,,,,,,,,,,,,,,,,,,,,,,,,,,,,,,,,,,2,1,red,true,,,
45,part3-guilty,,,,blue,true,,investigate_blue,investigate_blue,investigate_blue,accuse_blue,advance_to_next_trial,,,,,,,,,,,,,,,,,,,,,,,,,,,,,,,,,,,,,,,,,,,,,,,,,,,,,,,,,,1643.56339999996,2193.64040000003,2743.7174000001,3443.81540000012,4445.62230000004,,,,,,,,,,,,,,,,,,,,,,,,,,,,,,,,,,,,,,,,,,,,,,,,,,,,,,,,,,,,,,,,,,,,,,,,,,,,,,,,,,,,,,,,0,0,1,,,,,,,,,,,,,,,,,,,,,,,,,,,,3,1,blue,true,,,
46,part3-guilty,,,,blue,true,,investigate_red,investigate_red,investigate_red,investigate_red,investigate_red,investigate_red,investigate_red,investigate_red,investigate_red,investigate_red,investigate_red,investigate_red,investigate_red,accuse_blue,advance_to_next_trial,,,,,,,,,,,,,,,,,,,,,,,,,,,,,,,,,,,,,,,,,,,,,,,,1175.47360000007,1675.54360000016,2192.28260000015,2742.35960000006,3325.77460000012,3842.5136000002,4342.58360000029,4842.65360000013,5576.08960000019,6076.15960000023,6576.22960000032,7076.29960000037,7593.03860000024,8543.17160000045,9544.97850000012,,,,,,,,,,,,,,,,,,,,,,,,,,,,,,,,,,,,,,,,,,,,,,,,0,0,0,0,0,0,0,0,0,0,0,0,0,,,,,,,,,,,,,,,,,,,,,,,,,,,,,,,,,,,,,,,,,,,,,,,,13,0,blue,true,,,
47,part3-guilty,,,,red,true,,investigate_red,investigate_red,accuse_red,advance_to_next_trial,,,,,,,,,,,,,,,,,,,,,,,,,,,,,,,,,,,,,,,,,,,,,,,,,,,,,,,,,,,1442.12370000011,1942.19370000015,2442.26370000003,3795.78650000009,,,,,,,,,,,,,,,,,,,,,,,,,,,,,,,,,,,,,,,,,,,,,,,,,,,,,,,,,,,1,0,,,,,,,,,,,,,,,,,,,,,,,,,,,,,,,,,,,,,,,,,,,,,,,,,,,,,,,,,,,2,1,red,true,,,
48,part3-guilty,,,,red,true,,investigate_red,investigate_red,investigate_red,accuse_red,advance_to_next_trial,,,,,,,,,,,,,,,,,,,,,,,,,,,,,,,,,,,,,,,,,,,,,,,,,,,,,,,,,,1525.21350000007,2025.28350000009,2542.02250000017,3225.45149999994,4227.25839999986,,,,,,,,,,,,,,,,,,,,,,,,,,,,,,,,,,,,,,,,,,,,,,,,,,,,,,,,,,0,0,1,,,,,,,,,,,,,,,,,,,,,,,,,,,,,,,,,,,,,,,,,,,,,,,,,,,,,,,,,,3,1,red,true,,,
49,part3-guilty,,,,blue,true,,investigate_red,investigate_red,investigate_red,accuse_blue,advance_to_next_trial,,,,,,,,,,,,,,,,,,,,,,,,,,,,,,,,,,,,,,,,,,,,,,,,,,,,,,,,,,2108.62850000006,2775.38850000009,3342.35230000026,3842.42230000016,4844.22920000027,,,,,,,,,,,,,,,,,,,,,,,,,,,,,,,,,,,,,,,,,,,,,,,,,,,,,,,,,,0,0,0,,,,,,,,,,,,,,,,,,,,,,,,,,,,,,,,,,,,,,,,,,,,,,,,,,,,,,,,,,3,0,blue,true,,,
50,part3-guilty,,,,red,true,,investigate_red,investigate_red,accuse_red,advance_to_next_trial,,,,,,,,,,,,,,,,,,,,,,,,,,,,,,,,,,,,,,,,,,,,,,,,,,,,,,,,,,,3925.54949999987,4525.63349999978,5259.06949999977,6259.2094999997,,,,,,,,,,,,,,,,,,,,,,,,,,,,,,,,,,,,,,,,,,,,,,,,,,,,,,,,,,,0,1,,,,,,,,,,,,,,,,,,,,,,,,,,,,,,,,,,,,,,,,,,,,,,,,,,,,,,,,,,,2,1,red,true,,,
Bonus Amount - Part 1,,,,,,,,,,,,,,,,,,,,,,,,,,,,,,,,,,,,,,,,,,,,,,,,,,,,,,,,,,,,,,,,,,,,,,,,,,,,,,,,,,,,,,,,,,,,,,,,,,,,,,,,,,,,,,,,,,,,,,,,,,,,,,,,,,,,,,,,,,,,,,,,,,,,,,,,,,,,,,,,,,,,,,,,,,,,,,,,,,,,,,,,,,,,,,,,,,,,1000,12,
Bonus Amount - Part 2,,,,,,,,,,,,,,,,,,,,,,,,,,,,,,,,,,,,,,,,,,,,,,,,,,,,,,,,,,,,,,,,,,,,,,,,,,,,,,,,,,,,,,,,,,,,,,,,,,,,,,,,,,,,,,,,,,,,,,,,,,,,,,,,,,,,,,,,,,,,,,,,,,,,,,,,,,,,,,,,,,,,,,,,,,,,,,,,,,,,,,,,,,,,,,,,,,,,1450,8,
Total bonus paid out,,,,,,,,,,,,,,,,,,,,,,,,,,,,,,,,,,,,,,,,,,,,,,,,,,,,,,,,,,,,,,,,,,,,,,,,,,,,,,,,,,,,,,,,,,,,,,,,,,,,,,,,,,,,,,,,,,,,,,,,,,,,,,,,,,,,,,,,,,,,,,,,,,,,,,,,,,,,,,,,,,,,,,,,,,,,,,,,,,,,,,,,,,,,,,,,,,,,,,785
