trial_no,block_name,setup_cost,setup_cost_investigate_red,setup_cost_investigate_blue,red_prior_prob,guilty_suspect_chosen,timing_valid,timing_error,choice_1,choice_2,choice_3,choice_4,choice_5,choice_6,choice_7,choice_8,choice_9,choice_10,choice_11,choice_12,choice_13,choice_14,choice_15,choice_16,choice_17,choice_18,choice_19,choice_20,choice_21,choice_22,choice_23,choice_24,choice_25,choice_26,choice_27,choice_28,choice_29,choice_30,choice_31,choice_32,choice_33,choice_34,choice_35,choice_36,choice_37,choice_38,choice_39,choice_40,choice_41,choice_42,choice_43,choice_44,choice_45,choice_46,choice_47,choice_48,choice_49,choice_50,choice_51,choice_52,choice_53,choice_54,choice_55,choice_56,choice_57,choice_58,choice_59,choice_60,choice_61,choice_62,timing_choice_1,timing_choice_2,timing_choice_3,timing_choice_4,timing_choice_5,timing_choice_6,timing_choice_7,timing_choice_8,timing_choice_9,timing_choice_10,timing_choice_11,timing_choice_12,timing_choice_13,timing_choice_14,timing_choice_15,timing_choice_16,timing_choice_17,timing_choice_18,timing_choice_19,timing_choice_20,timing_choice_21,timing_choice_22,timing_choice_23,timing_choice_24,timing_choice_25,timing_choice_26,timing_choice_27,timing_choice_28,timing_choice_29,timing_choice_30,timing_choice_31,timing_choice_32,timing_choice_33,timing_choice_34,timing_choice_35,timing_choice_36,timing_choice_37,timing_choice_38,timing_choice_39,timing_choice_40,timing_choice_41,timing_choice_42,timing_choice_43,timing_choice_44,timing_choice_45,timing_choice_46,timing_choice_47,timing_choice_48,timing_choice_49,timing_choice_50,timing_choice_51,timing_choice_52,timing_choice_53,timing_choice_54,timing_choice_55,timing_choice_56,timing_choice_57,timing_choice_58,timing_choice_59,timing_choice_60,timing_choice_61,timing_choice_62,evidence_red_1,evidence_red_2,evidence_red_3,evidence_red_4,evidence_red_5,evidence_red_6,evidence_red_7,evidence_red_8,evidence_red_9,evidence_red_10,evidence_red_11,evidence_red_12,evidence_red_13,evidence_red_14,evidence_red_15,evidence_red_16,evidence_red_17,evidence_red_18,evidence_red_19,evidence_red_20,evidence_red_21,evidence_red_22,evidence_red_23,evidence_red_24,evidence_red_25,evidence_red_26,evidence_red_27,evidence_red_28,evidence_red_29,evidence_red_30,evidence_blue_1,evidence_blue_2,evidence_blue_3,evidence_blue_4,evidence_blue_5,evidence_blue_6,evidence_blue_7,evidence_blue_8,evidence_blue_9,evidence_blue_10,evidence_blue_11,evidence_blue_12,evidence_blue_13,evidence_blue_14,evidence_blue_15,evidence_blue_16,evidence_blue_17,evidence_blue_18,evidence_blue_19,evidence_blue_20,evidence_blue_21,evidence_blue_22,evidence_blue_23,evidence_blue_24,evidence_blue_25,evidence_blue_26,evidence_blue_27,evidence_blue_28,evidence_blue_29,evidence_blue_30,num_evidences_total,final_evidence,suspect_accused,correct_suspect_accused,bonus_earned,trial_chosen_for_bonus,total_bonus_paid_cents
1,part1-innocent,1,,,0.1,blue,true,,investigate_red,accuse_blue,advance_to_next_trial,,,,,,,,,,,,,,,,,,,,,,,,,,,,,,,,,,,,,,,,,,,,,,,,,,,,,,,,,,,,9706.571000000025,15839.659000000262,19608.134200000404,,,,,,,,,,,,,,,,,,,,,,,,,,,,,,,,,,,,,,,,,,,,,,,,,,,,,,,,,,,,0,,,,,,,,,,,,,,,,,,,,,,,,,,,,,,,,,,,,,,,,,,,,,,,,,,,,,,,,,,,,1,0,blue,true,,,
2,part1-innocent,1,,,0.9,red,true,,investigate_blue,accuse_red,advance_to_next_trial,,,,,,,,,,,,,,,,,,,,,,,,,,,,,,,,,,,,,,,,,,,,,,,,,,,,,,,,,,,,2289.908399999971,4406.4903999999815,7358.03899999996,,,,,,,,,,,,,,,,,,,,,,,,,,,,,,,,,,,,,,,,,,,,,,,,,,,,,,,,,,,,,,,,,,,,,,,,,,,,,,,,,,,,,,,,,,1,,,,,,,,,,,,,,,,,,,,,,,,,,,,,,1,1,red,true,,,
3,part1-innocent,3,,,0.3,blue,true,,investigate_red,investigate_blue,investigate_red,accuse_blue,advance_to_next_trial,,,,,,,,,,,,,,,,,,,,,,,,,,,,,,,,,,,,,,,,,,,,,,,,,,,,,,,,,,5839.766399999949,8289.668399999968,11173.180100000087,13189.766100000083,16007.986700000234,,,,,,,,,,,,,,,,,,,,,,,,,,,,,,,,,,,,,,,,,,,,,,,,,,,,,,,,,,0,1,,,,,,,,,,,,,,,,,,,,,,,,,,,,,0,,,,,,,,,,,,,,,,,,,,,,,,,,,,,,3,1,blue,true,,,
4,part1-innocent,9,,,0.1,blue,true,,investigate_red,investigate_red,investigate_blue,investigate_blue,investigate_blue,investigate_blue,investigate_blue,investigate_blue,investigate_blue,accuse_blue,advance_to_next_trial,,,,,,,,,,,,,,,,,,,,,,,,,,,,,,,,,,,,,,,,,,,,,,,,,,,,1989.9203999997817,4156.500400000204,6023.092400000529,7106.382400000712,10022.932400000771,11106.222400000599,12056.184400000448,13589.456400000206,15173.015699999954,23172.695700000346,25107.912000000277,,,,,,,,,,,,,,,,,,,,,,,,,,,,,,,,,,,,,,,,,,,,,,,,,,,,1,0,,,,,,,,,,,,,,,,,,,,,,,,,,,,,0,0,0,0,0,0,0,,,,,,,,,,,,,,,,,,,,,,,,9,1,blue,true,,,
5,part1-innocent,9,,,0.7,red,true,,investigate_blue,investigate_blue,investigate_blue,investigate_blue,investigate_blue,investigate_blue,investigate_blue,investigate_red,investigate_red,accuse_red,advance_to_next_trial,,,,,,,,,,,,,,,,,,,,,,,,,,,,,,,,,,,,,,,,,,,,,,,,,,,,2989.8803999995407,4389.82439999943,5389.7843999995985,6189.752399999732,6873.058399999851,7939.682400000031,8489.66040000012,10123.223200000273,11289.84320000047,13039.773200000698,15189.687200000357,,,,,,,,,,,,,,,,,,,,,,,,,,,,,,,,,,,,,,,,,,,,,,,,,,,,0,0,,,,,,,,,,,,,,,,,,,,,,,,,,,,,1,0,0,0,0,1,0,,,,,,,,,,,,,,,,,,,,,,,,9,1,red,true,,,
6,part1-innocent,9,,,0.9,blue,true,,investigate_blue,investigate_blue,investigate_blue,investigate_blue,investigate_blue,investigate_red,investigate_red,investigate_red,investigate_red,accuse_blue,advance_to_next_trial,,,,,,,,,,,,,,,,,,,,,,,,,,,,,,,,,,,,,,,,,,,,,,,,,,,,3273.2023999994913,4456.4883999993035,4956.757699999223,5573.399699999123,6423.365699998987,9639.903699998476,10239.879699998384,10756.525699998365,11406.499699998478,13939.731699998902,17773.2064999997,,,,,,,,,,,,,,,,,,,,,,,,,,,,,,,,,,,,,,,,,,,,,,,,,,,,0,0,0,0,,,,,,,,,,,,,,,,,,,,,,,,,,,0,0,0,0,0,,,,,,,,,,,,,,,,,,,,,,,,,,9,0,blue,true,,,
7,part1-innocent,9,,,0.3,blue,true,,investigate_red,investigate_red,investigate_red,investigate_red,investigate_red,investigate_red,investigate_blue,investigate_blue,investigate_blue,accuse_blue,advance_to_next_trial,,,,,,,,,,,,,,,,,,,,,,,,,,,,,,,,,,,,,,,,,,,,,,,,,,,,2039.9184000003777,2756.5564000005156,3506.5264000006664,4256.496400000604,5056.4644000004755,5806.434400000355,7523.3228000002655,8039.968800000355,8756.606800000474,9839.896800000657,11189.842800000586,,,,,,,,,,,,,,,,,,,,,,,,,,,,,,,,,,,,,,,,,,,,,,,,,,,,0,1,0,0,1,0,,,,,,,,,,,,,,,,,,,,,,,,,0,0,0,,,,,,,,,,,,,,,,,,,,,,,,,,,,9,1,blue,true,,,
8,part1-innocent,1,,,0.3,blue,true,,investigate_red,accuse_blue,advance_to_next_trial,,,,,,,,,,,,,,,,,,,,,,,,,,,,,,,,,,,,,,,,,,,,,,,,,,,,,,,,,,,,1849.9260000000352,3299.8679999998008,4583.149999999598,,,,,,,,,,,,,,,,,,,,,,,,,,,,,,,,,,,,,,,,,,,,,,,,,,,,,,,,,,,,1,,,,,,,,,,,,,,,,,,,,,,,,,,,,,,,,,,,,,,,,,,,,,,,,,,,,,,,,,,,,1,1,blue,true,,,
9,part1-innocent,5,,,0.7,blue,true,,investigate_blue,investigate_blue,investigate_blue,investigate_red,investigate_red,accuse_blue,advance_to_next_trial,,,,,,,,,,,,,,,,,,,,,,,,,,,,,,,,,,,,,,,,,,,,,,,,,,,,,,,,1683.5585999997452,2933.508599999547,3883.4705999993953,5666.7325999996465,6200.044599999734,7766.6486,9084.929200000011,,,,,,,,,,,,,,,,,,,,,,,,,,,,,,,,,,,,,,,,,,,,,,,,,,,,,,,,1,1,,,,,,,,,,,,,,,,,,,,,,,,,,,,,0,0,0,,,,,,,,,,,,,,,,,,,,,,,,,,,,5,1,blue,true,,,
10,part1-innocent,3,,,0.5,red,true,,investigate_red,investigate_blue,investigate_red,accuse_red,advance_to_next_trial,,,,,,,,,,,,,,,,,,,,,,,,,,,,,,,,,,,,,,,,,,,,,,,,,,,,,,,,,,2690.1849999995843,3390.1569999997014,4806.766999999961,7006.679000000327,8408.289600000335,,,,,,,,,,,,,,,,,,,,,,,,,,,,,,,,,,,,,,,,,,,,,,,,,,,,,,,,,,0,0,,,,,,,,,,,,,,,,,,,,,,,,,,,,,1,,,,,,,,,,,,,,,,,,,,,,,,,,,,,,3,1,red,true,,,
11,part1-innocent,7,,,0.9,red,true,,investigate_blue,investigate_blue,investigate_blue,investigate_blue,investigate_blue,investigate_blue,investigate_red,accuse_blue,advance_to_next_trial,,,,,,,,,,,,,,,,,,,,,,,,,,,,,,,,,,,,,,,,,,,,,,,,,,,,,,2456.5683999996227,3423.1963999997342,4356.784999999904,5106.755000000035,5856.7250000001595,6573.363000000279,7973.307000000282,10889.856999999816,12891.443599999957,,,,,,,,,,,,,,,,,,,,,,,,,,,,,,,,,,,,,,,,,,,,,,,,,,,,,,0,,,,,,,,,,,,,,,,,,,,,,,,,,,,,,0,0,0,0,0,1,,,,,,,,,,,,,,,,,,,,,,,,,7,1,blue,false,,,
12,part1-innocent,7,,,0.7,blue,true,,investigate_blue,investigate_blue,investigate_blue,investigate_blue,investigate_red,investigate_red,investigate_red,accuse_red,advance_to_next_trial,,,,,,,,,,,,,,,,,,,,,,,,,,,,,,,,,,,,,,,,,,,,,,,,,,,,,,1889.9244000003594,2489.900400000474,3073.210400000585,4106.5024000007925,5556.444400000581,6073.090400000501,6706.398400000398,9322.96039999998,10506.246399999945,,,,,,,,,,,,,,,,,,,,,,,,,,,,,,,,,,,,,,,,,,,,,,,,,,,,,,0,0,0,,,,,,,,,,,,,,,,,,,,,,,,,,,,0,0,0,0,,,,,,,,,,,,,,,,,,,,,,,,,,,7,0,red,false,,,
13,part1-innocent,7,,,0.3,blue,true,,investigate_red,investigate_red,investigate_red,investigate_blue,investigate_blue,investigate_blue,investigate_blue,accuse_blue,advance_to_next_trial,,,,,,,,,,,,,,,,,,,,,,,,,,,,,,,,,,,,,,,,,,,,,,,,,,,,,,2671.850200000295,3188.4962000002156,3805.138200000115,5321.744199999876,5855.056199999789,6371.70219999971,6888.348199999625,7871.642199999468,8921.600199999333,,,,,,,,,,,,,,,,,,,,,,,,,,,,,,,,,,,,,,,,,,,,,,,,,,,,,,1,0,0,,,,,,,,,,,,,,,,,,,,,,,,,,,,0,0,0,0,,,,,,,,,,,,,,,,,,,,,,,,,,,7,1,blue,true,,,
14,part1-innocent,3,,,0.7,red,true,,investigate_blue,investigate_red,investigate_red,accuse_red,advance_to_next_trial,,,,,,,,,,,,,,,,,,,,,,,,,,,,,,,,,,,,,,,,,,,,,,,,,,,,,,,,,,1890.2181000003447,2406.8641000004427,3040.17210000057,3873.472100000495,4925.096700000468,,,,,,,,,,,,,,,,,,,,,,,,,,,,,,,,,,,,,,,,,,,,,,,,,,,,,,,,,,0,0,,,,,,,,,,,,,,,,,,,,,,,,,,,,,1,,,,,,,,,,,,,,,,,,,,,,,,,,,,,,3,1,red,true,,,
15,part1-innocent,5,,,0.1,blue,true,,investigate_red,investigate_blue,investigate_blue,investigate_blue,investigate_blue,accuse_blue,advance_to_next_trial,,,,,,,,,,,,,,,,,,,,,,,,,,,,,,,,,,,,,,,,,,,,,,,,,,,,,,,,1223.2843999998645,1873.2583999999597,3439.862400000263,4106.502400000397,5139.794400000571,5806.434400000681,6825.019600000735,,,,,,,,,,,,,,,,,,,,,,,,,,,,,,,,,,,,,,,,,,,,,,,,,,,,,,,,1,,,,,,,,,,,,,,,,,,,,,,,,,,,,,,0,0,0,0,,,,,,,,,,,,,,,,,,,,,,,,,,,5,1,blue,true,,,
16,part1-innocent,3,,,0.1,blue,true,,investigate_red,investigate_blue,investigate_red,accuse_blue,advance_to_next_trial,,,,,,,,,,,,,,,,,,,,,,,,,,,,,,,,,,,,,,,,,,,,,,,,,,,,,,,,,,1783.261999999726,2299.907999999676,2933.2159999998034,4816.474000000151,5984.760600000195,,,,,,,,,,,,,,,,,,,,,,,,,,,,,,,,,,,,,,,,,,,,,,,,,,,,,,,,,,0,0,,,,,,,,,,,,,,,,,,,,,,,,,,,,,0,,,,,,,,,,,,,,,,,,,,,,,,,,,,,,3,0,blue,true,,,
17,part1-innocent,5,,,0.5,red,true,,investigate_red,investigate_blue,investigate_red,investigate_blue,investigate_red,accuse_red,advance_to_next_trial,,,,,,,,,,,,,,,,,,,,,,,,,,,,,,,,,,,,,,,,,,,,,,,,,,,,,,,,50506.10940000121,51606.06540000151,52472.69740000172,54272.916900001415,54956.2229000013,57322.79490000155,58541.07950000162,,,,,,,,,,,,,,,,,,,,,,,,,,,,,,,,,,,,,,,,,,,,,,,,,,,,,,,,0,0,0,,,,,,,,,,,,,,,,,,,,,,,,,,,,1,0,,,,,,,,,,,,,,,,,,,,,,,,,,,,,5,1,red,true,,,
18,part1-innocent,5,,,0.9,red,true,,investigate_blue,investigate_blue,investigate_blue,investigate_blue,investigate_blue,accuse_red,advance_to_next_trial,,,,,,,,,,,,,,,,,,,,,,,,,,,,,,,,,,,,,,,,,,,,,,,,,,,,,,,,1739.9303999997326,3489.860399999458,4173.166399999347,6223.376999999317,7656.652999999561,9639.906999999896,11174.845599999862,,,,,,,,,,,,,,,,,,,,,,,,,,,,,,,,,,,,,,,,,,,,,,,,,,,,,,,,,,,,,,,,,,,,,,,,,,,,,,,,,,,,,,0,0,1,0,0,,,,,,,,,,,,,,,,,,,,,,,,,,5,1,red,true,,,
19,part1-innocent,7,,,0.1,blue,true,,investigate_red,investigate_red,investigate_red,investigate_blue,investigate_blue,investigate_blue,investigate_blue,accuse_blue,advance_to_next_trial,,,,,,,,,,,,,,,,,,,,,,,,,,,,,,,,,,,,,,,,,,,,,,,,,,,,,,2539.8983999997517,3056.5443999998556,3573.1903999999536,6690.0250000005035,7206.671000000424,8656.613000000196,9239.9230000001,12739.782999999547,14174.751999999438,,,,,,,,,,,,,,,,,,,,,,,,,,,,,,,,,,,,,,,,,,,,,,,,,,,,,,0,1,0,,,,,,,,,,,,,,,,,,,,,,,,,,,,0,0,0,0,,,,,,,,,,,,,,,,,,,,,,,,,,,7,1,blue,true,,,
20,part1-innocent,1,,,0.5,red,true,,investigate_blue,accuse_red,advance_to_next_trial,,,,,,,,,,,,,,,,,,,,,,,,,,,,,,,,,,,,,,,,,,,,,,,,,,,,,,,,,,,,3623.452399999888,4823.404400000104,5925.02700000014,,,,,,,,,,,,,,,,,,,,,,,,,,,,,,,,,,,,,,,,,,,,,,,,,,,,,,,,,,,,,,,,,,,,,,,,,,,,,,,,,,,,,,,,,,1,,,,,,,,,,,,,,,,,,,,,,,,,,,,,,1,1,red,true,,,
21,part1-innocent,5,,,0.3,blue,true,,investigate_blue,investigate_blue,investigate_blue,investigate_red,investigate_red,accuse_blue,advance_to_next_trial,,,,,,,,,,,,,,,,,,,,,,,,,,,,,,,,,,,,,,,,,,,,,,,,,,,,,,,,5256.750099999174,5973.388099999064,6640.028099999093,8323.294099999375,8839.940099999465,10973.188099999825,12174.80669999976,,,,,,,,,,,,,,,,,,,,,,,,,,,,,,,,,,,,,,,,,,,,,,,,,,,,,,,,0,0,,,,,,,,,,,,,,,,,,,,,,,,,,,,,0,0,0,,,,,,,,,,,,,,,,,,,,,,,,,,,,5,0,blue,true,,,
22,part1-innocent,1,,,0.7,blue,true,,investigate_blue,accuse_blue,advance_to_next_trial,,,,,,,,,,,,,,,,,,,,,,,,,,,,,,,,,,,,,,,,,,,,,,,,,,,,,,,,,,,,5356.745000000305,7223.337000000536,8758.275600000574,,,,,,,,,,,,,,,,,,,,,,,,,,,,,,,,,,,,,,,,,,,,,,,,,,,,,,,,,,,,,,,,,,,,,,,,,,,,,,,,,,,,,,,,,,0,,,,,,,,,,,,,,,,,,,,,,,,,,,,,,1,0,blue,true,,,
23,part1-innocent,9,,,0.5,red,true,,investigate_red,investigate_blue,investigate_red,investigate_blue,investigate_red,investigate_blue,investigate_red,investigate_blue,investigate_red,accuse_blue,advance_to_next_trial,,,,,,,,,,,,,,,,,,,,,,,,,,,,,,,,,,,,,,,,,,,,,,,,,,,,1539.9383999998931,2106.582400000007,2673.226400000115,3189.872400000219,3706.5184000003287,4223.1644000004235,5006.466400000554,5523.112400000644,6089.756400000737,7589.696400000992,8974.641000000916,,,,,,,,,,,,,,,,,,,,,,,,,,,,,,,,,,,,,,,,,,,,,,,,,,,,0,0,0,0,0,,,,,,,,,,,,,,,,,,,,,,,,,,0,0,0,0,,,,,,,,,,,,,,,,,,,,,,,,,,,9,0,blue,false,,,
24,part1-innocent,7,,,0.5,blue,true,,investigate_red,investigate_red,investigate_red,investigate_red,investigate_red,investigate_red,investigate_red,accuse_blue,advance_to_next_trial,,,,,,,,,,,,,,,,,,,,,,,,,,,,,,,,,,,,,,,,,,,,,,,,,,,,,,1823.2603999999549,2339.9064000000585,2856.5524000001506,3556.5244000002913,4073.170400000395,4606.773900000484,5173.417900000582,6540.029900000809,7591.654500000989,,,,,,,,,,,,,,,,,,,,,,,,,,,,,,,,,,,,,,,,,,,,,,,,,,,,,,0,0,0,0,0,0,1,,,,,,,,,,,,,,,,,,,,,,,,,,,,,,,,,,,,,,,,,,,,,,,,,,,,,,7,1,blue,true,,,
25,part1-innocent,3,,,0.9,red,true,,investigate_blue,investigate_blue,investigate_blue,accuse_blue,advance_to_next_trial,,,,,,,,,,,,,,,,,,,,,,,,,,,,,,,,,,,,,,,,,,,,,,,,,,,,,,,,,,3449.8620000003266,3966.5080000004305,4483.154000000523,5749.770000000733,6801.582200000673,,,,,,,,,,,,,,,,,,,,,,,,,,,,,,,,,,,,,,,,,,,,,,,,,,,,,,,,,,,,,,,,,,,,,,,,,,,,,,,,,,,,,,,,0,0,0,,,,,,,,,,,,,,,,,,,,,,,,,,,,3,0,blue,false,,,
1,part2-innocent,10,,,0.1,blue,true,,accuse_blue,advance_to_next_trial,,,,,,,,,,,,,,,,,,,,,,,,,,,,,,,,,,,,,,,,,,,,,,,,,,,,,,,,,,,,,8624.946500001539,10326.545100001835,,,,,,,,,,,,,,,,,,,,,,,,,,,,,,,,,,,,,,,,,,,,,,,,,,,,,,,,,,,,,,,,,,,,,,,,,,,,,,,,,,,,,,,,,,,,,,,,,,,,,,,,,,,,,,,,,,,,,,,,,0,0,blue,true,,,
2,part2-innocent,40,,,0.9,red,true,,accuse_red,advance_to_next_trial,,,,,,,,,,,,,,,,,,,,,,,,,,,,,,,,,,,,,,,,,,,,,,,,,,,,,,,,,,,,,2749.890000000569,4951.468600000332,,,,,,,,,,,,,,,,,,,,,,,,,,,,,,,,,,,,,,,,,,,,,,,,,,,,,,,,,,,,,,,,,,,,,,,,,,,,,,,,,,,,,,,,,,,,,,,,,,,,,,,,,,,,,,,,,,,,,,,,,0,0,red,true,,,
3,part2-innocent,40,,,0.1,blue,true,,accuse_blue,advance_to_next_trial,,,,,,,,,,,,,,,,,,,,,,,,,,,,,,,,,,,,,,,,,,,,,,,,,,,,,,,,,,,,,2710.1831000005095,4011.797700000755,,,,,,,,,,,,,,,,,,,,,,,,,,,,,,,,,,,,,,,,,,,,,,,,,,,,,,,,,,,,,,,,,,,,,,,,,,,,,,,,,,,,,,,,,,,,,,,,,,,,,,,,,,,,,,,,,,,,,,,,,0,0,blue,true,,,
4,part2-innocent,80,,,0.1,blue,true,,accuse_red,advance_to_next_trial,,,,,,,,,,,,,,,,,,,,,,,,,,,,,,,,,,,,,,,,,,,,,,,,,,,,,,,,,,,,,7359.99819999801,10311.5467999985,,,,,,,,,,,,,,,,,,,,,,,,,,,,,,,,,,,,,,,,,,,,,,,,,,,,,,,,,,,,,,,,,,,,,,,,,,,,,,,,,,,,,,,,,,,,,,,,,,,,,,,,,,,,,,,,,,,,,,,,,0,0,red,false,,,
5,part2-innocent,20,,,0.9,red,true,,accuse_red,advance_to_next_trial,,,,,,,,,,,,,,,,,,,,,,,,,,,,,,,,,,,,,,,,,,,,,,,,,,,,,,,,,,,,,2008.2530000003678,4143.167600000131,,,,,,,,,,,,,,,,,,,,,,,,,,,,,,,,,,,,,,,,,,,,,,,,,,,,,,,,,,,,,,,,,,,,,,,,,,,,,,,,,,,,,,,,,,,,,,,,,,,,,,,,,,,,,,,,,,,,,,,,,0,0,red,true,,,
6,part2-innocent,20,,,0.3,red,true,,investigate_red,investigate_red,investigate_red,accuse_red,advance_to_next_trial,,,,,,,,,,,,,,,,,,,,,,,,,,,,,,,,,,,,,,,,,,,,,,,,,,,,,,,,,,3308.4924999992986,5725.062499998628,7125.00649999886,8608.280499999119,10193.217099998701,,,,,,,,,,,,,,,,,,,,,,,,,,,,,,,,,,,,,,,,,,,,,,,,,,,,,,,,,,0,0,0,,,,,,,,,,,,,,,,,,,,,,,,,,,,,,,,,,,,,,,,,,,,,,,,,,,,,,,,,,3,0,red,true,,,
7,part2-innocent,10,,,0.7,red,true,,accuse_blue,advance_to_next_trial,,,,,,,,,,,,,,,,,,,,,,,,,,,,,,,,,,,,,,,,,,,,,,,,,,,,,,,,,,,,,1624.9350000002444,2826.84620000003,,,,,,,,,,,,,,,,,,,,,,,,,,,,,,,,,,,,,,,,,,,,,,,,,,,,,,,,,,,,,,,,,,,,,,,,,,,,,,,,,,,,,,,,,,,,,,,,,,,,,,,,,,,,,,,,,,,,,,,,,0,0,blue,false,,,
8,part2-innocent,10,,,0.5,blue,true,,investigate_blue,investigate_red,investigate_blue,investigate_red,investigate_blue,investigate_red,accuse_blue,advance_to_next_trial,,,,,,,,,,,,,,,,,,,,,,,,,,,,,,,,,,,,,,,,,,,,,,,,,,,,,,,2143.2476000003217,2843.2196000004506,3576.523600000598,4209.831600000723,4959.801600000842,5609.775600000955,7043.051600001193,9244.922800001434,,,,,,,,,,,,,,,,,,,,,,,,,,,,,,,,,,,,,,,,,,,,,,,,,,,,,,,0,0,1,,,,,,,,,,,,,,,,,,,,,,,,,,,,0,0,0,,,,,,,,,,,,,,,,,,,,,,,,,,,,6,1,blue,true,,,
9,part2-innocent,5,,,0.9,red,true,,accuse_red,advance_to_next_trial,,,,,,,,,,,,,,,,,,,,,,,,,,,,,,,,,,,,,,,,,,,,,,,,,,,,,,,,,,,,,3291.534999999776,4859.805599999619,,,,,,,,,,,,,,,,,,,,,,,,,,,,,,,,,,,,,,,,,,,,,,,,,,,,,,,,,,,,,,,,,,,,,,,,,,,,,,,,,,,,,,,,,,,,,,,,,,,,,,,,,,,,,,,,,,,,,,,,,0,0,red,true,,,
10,part2-innocent,40,,,0.3,blue,true,,investigate_red,accuse_blue,advance_to_next_trial,,,,,,,,,,,,,,,,,,,,,,,,,,,,,,,,,,,,,,,,,,,,,,,,,,,,,,,,,,,,5693.399300000144,7260.003300000405,8478.287900000174,,,,,,,,,,,,,,,,,,,,,,,,,,,,,,,,,,,,,,,,,,,,,,,,,,,,,,,,,,,,1,,,,,,,,,,,,,,,,,,,,,,,,,,,,,,,,,,,,,,,,,,,,,,,,,,,,,,,,,,,,1,1,blue,true,,,
11,part2-innocent,80,,,0.9,red,true,,accuse_red,advance_to_next_trial,,,,,,,,,,,,,,,,,,,,,,,,,,,,,,,,,,,,,,,,,,,,,,,,,,,,,,,,,,,,,2843.219600000486,3894.844200000681,,,,,,,,,,,,,,,,,,,,,,,,,,,,,,,,,,,,,,,,,,,,,,,,,,,,,,,,,,,,,,,,,,,,,,,,,,,,,,,,,,,,,,,,,,,,,,,,,,,,,,,,,,,,,,,,,,,,,,,,,0,0,red,true,,,
12,part2-innocent,40,,,0.7,blue,true,,accuse_blue,advance_to_next_trial,,,,,,,,,,,,,,,,,,,,,,,,,,,,,,,,,,,,,,,,,,,,,,,,,,,,,,,,,,,,,1941.5889999991591,3376.8230999984307,,,,,,,,,,,,,,,,,,,,,,,,,,,,,,,,,,,,,,,,,,,,,,,,,,,,,,,,,,,,,,,,,,,,,,,,,,,,,,,,,,,,,,,,,,,,,,,,,,,,,,,,,,,,,,,,,,,,,,,,,0,0,blue,true,,,
13,part2-innocent,10,,,0.9,red,true,,accuse_red,advance_to_next_trial,,,,,,,,,,,,,,,,,,,,,,,,,,,,,,,,,,,,,,,,,,,,,,,,,,,,,,,,,,,,,2033.252000000309,3218.2046000005425,,,,,,,,,,,,,,,,,,,,,,,,,,,,,,,,,,,,,,,,,,,,,,,,,,,,,,,,,,,,,,,,,,,,,,,,,,,,,,,,,,,,,,,,,,,,,,,,,,,,,,,,,,,,,,,,,,,,,,,,,0,0,red,true,,,
14,part2-innocent,5,,,0.7,red,true,,accuse_blue,advance_to_next_trial,,,,,,,,,,,,,,,,,,,,,,,,,,,,,,,,,,,,,,,,,,,,,,,,,,,,,,,,,,,,,1508.2730000002675,2624.89500000009,,,,,,,,,,,,,,,,,,,,,,,,,,,,,,,,,,,,,,,,,,,,,,,,,,,,,,,,,,,,,,,,,,,,,,,,,,,,,,,,,,,,,,,,,,,,,,,,,,,,,,,,,,,,,,,,,,,,,,,,,0,0,blue,false,,,
15,part2-innocent,80,,,0.7,red,true,,accuse_red,advance_to_next_trial,,,,,,,,,,,,,,,,,,,,,,,,,,,,,,,,,,,,,,,,,,,,,,,,,,,,,,,,,,,,,1728.2641999993111,2846.5527999991427,,,,,,,,,,,,,,,,,,,,,,,,,,,,,,,,,,,,,,,,,,,,,,,,,,,,,,,,,,,,,,,,,,,,,,,,,,,,,,,,,,,,,,,,,,,,,,,,,,,,,,,,,,,,,,,,,,,,,,,,,0,0,red,true,,,
16,part2-innocent,5,,,0.1,blue,true,,accuse_blue,advance_to_next_trial,,,,,,,,,,,,,,,,,,,,,,,,,,,,,,,,,,,,,,,,,,,,,,,,,,,,,,,,,,,,,1149.9540000000611,2184.9125999997814,,,,,,,,,,,,,,,,,,,,,,,,,,,,,,,,,,,,,,,,,,,,,,,,,,,,,,,,,,,,,,,,,,,,,,,,,,,,,,,,,,,,,,,,,,,,,,,,,,,,,,,,,,,,,,,,,,,,,,,,,0,0,blue,true,,,
17,part2-innocent,80,,,0.3,blue,true,,accuse_blue,advance_to_next_trial,,,,,,,,,,,,,,,,,,,,,,,,,,,,,,,,,,,,,,,,,,,,,,,,,,,,,,,,,,,,,1128.2882000001844,2179.912800000392,,,,,,,,,,,,,,,,,,,,,,,,,,,,,,,,,,,,,,,,,,,,,,,,,,,,,,,,,,,,,,,,,,,,,,,,,,,,,,,,,,,,,,,,,,,,,,,,,,,,,,,,,,,,,,,,,,,,,,,,,0,0,blue,true,,,
18,part2-innocent,5,,,0.3,red,true,,accuse_blue,advance_to_next_trial,,,,,,,,,,,,,,,,,,,,,,,,,,,,,,,,,,,,,,,,,,,,,,,,,,,,,,,,,,,,,1074.9570000001804,2376.571600000013,,,,,,,,,,,,,,,,,,,,,,,,,,,,,,,,,,,,,,,,,,,,,,,,,,,,,,,,,,,,,,,,,,,,,,,,,,,,,,,,,,,,,,,,,,,,,,,,,,,,,,,,,,,,,,,,,,,,,,,,,0,0,blue,false,,,
19,part2-innocent,40,,,0.5,red,true,,accuse_blue,advance_to_next_trial,,,,,,,,,,,,,,,,,,,,,,,,,,,,,,,,,,,,,,,,,,,,,,,,,,,,,,,,,,,,,1826.593600000235,3094.8762000004735,,,,,,,,,,,,,,,,,,,,,,,,,,,,,,,,,,,,,,,,,,,,,,,,,,,,,,,,,,,,,,,,,,,,,,,,,,,,,,,,,,,,,,,,,,,,,,,,,,,,,,,,,,,,,,,,,,,,,,,,,0,0,blue,false,,,
20,part2-innocent,20,,,0.1,blue,true,,accuse_blue,advance_to_next_trial,,,,,,,,,,,,,,,,,,,,,,,,,,,,,,,,,,,,,,,,,,,,,,,,,,,,,,,,,,,,,1276.9082000002275,2295.200800000122,,,,,,,,,,,,,,,,,,,,,,,,,,,,,,,,,,,,,,,,,,,,,,,,,,,,,,,,,,,,,,,,,,,,,,,,,,,,,,,,,,,,,,,,,,,,,,,,,,,,,,,,,,,,,,,,,,,,,,,,,0,0,blue,true,,,
21,part2-innocent,10,,,0.3,blue,true,,investigate_red,investigate_blue,investigate_red,accuse_blue,advance_to_next_trial,,,,,,,,,,,,,,,,,,,,,,,,,,,,,,,,,,,,,,,,,,,,,,,,,,,,,,,,,,2091.5830000002916,2658.2270000004055,3391.531000000553,4624.8150000007745,5859.7656000009865,,,,,,,,,,,,,,,,,,,,,,,,,,,,,,,,,,,,,,,,,,,,,,,,,,,,,,,,,,0,1,,,,,,,,,,,,,,,,,,,,,,,,,,,,,0,,,,,,,,,,,,,,,,,,,,,,,,,,,,,,3,1,blue,true,,,
22,part2-innocent,5,,,0.5,blue,true,,investigate_red,investigate_blue,investigate_red,investigate_blue,investigate_red,investigate_blue,investigate_red,investigate_blue,accuse_blue,advance_to_next_trial,,,,,,,,,,,,,,,,,,,,,,,,,,,,,,,,,,,,,,,,,,,,,,,,,,,,,1811.5942000003215,2328.2402000004136,2845.178800000513,3361.824800000617,4228.456800000788,4745.102800000877,5345.078800000971,5861.72480000106,7178.338800001278,8279.961400001468,,,,,,,,,,,,,,,,,,,,,,,,,,,,,,,,,,,,,,,,,,,,,,,,,,,,,0,0,0,0,,,,,,,,,,,,,,,,,,,,,,,,,,,0,0,0,0,,,,,,,,,,,,,,,,,,,,,,,,,,,8,0,blue,true,,,
23,part2-innocent,20,,,0.7,red,true,,investigate_red,investigate_red,investigate_red,investigate_blue,accuse_red,advance_to_next_trial,,,,,,,,,,,,,,,,,,,,,,,,,,,,,,,,,,,,,,,,,,,,,,,,,,,,,,,,,3133.207999998437,3749.8499999981236,4700.105699997641,5983.387699997023,6833.3536999969965,7934.9762999969225,,,,,,,,,,,,,,,,,,,,,,,,,,,,,,,,,,,,,,,,,,,,,,,,,,,,,,,,,0,0,0,,,,,,,,,,,,,,,,,,,,,,,,,,,,1,,,,,,,,,,,,,,,,,,,,,,,,,,,,,,4,1,red,true,,,
24,part2-innocent,20,,,0.5,blue,true,,investigate_blue,investigate_red,investigate_blue,investigate_red,investigate_blue,investigate_red,accuse_red,advance_to_next_trial,,,,,,,,,,,,,,,,,,,,,,,,,,,,,,,,,,,,,,,,,,,,,,,,,,,,,,,2108.2490000002836,2641.561000000379,3158.207000000483,3674.8530000005867,4474.8210000007375,4991.467000000816,6324.747000001048,7426.369600000852,,,,,,,,,,,,,,,,,,,,,,,,,,,,,,,,,,,,,,,,,,,,,,,,,,,,,,,0,0,0,,,,,,,,,,,,,,,,,,,,,,,,,,,,0,0,0,,,,,,,,,,,,,,,,,,,,,,,,,,,,6,0,red,false,,,
25,part2-innocent,80,,,0.5,blue,true,,accuse_blue,advance_to_next_trial,,,,,,,,,,,,,,,,,,,,,,,,,,,,,,,,,,,,,,,,,,,,,,,,,,,,,,,,,,,,,3541.5250000006645,5059.797600000929,,,,,,,,,,,,,,,,,,,,,,,,,,,,,,,,,,,,,,,,,,,,,,,,,,,,,,,,,,,,,,,,,,,,,,,,,,,,,,,,,,,,,,,,,,,,,,,,,,,,,,,,,,,,,,,,,,,,,,,,,0,0,blue,true,,,
1,part3-innocent,,64,96,0.3,blue,true,,accuse_blue,advance_to_next_trial,,,,,,,,,,,,,,,,,,,,,,,,,,,,,,,,,,,,,,,,,,,,,,,,,,,,,,,,,,,,,4293.161600000679,5543.111600000405,,,,,,,,,,,,,,,,,,,,,,,,,,,,,,,,,,,,,,,,,,,,,,,,,,,,,,,,,,,,,,,,,,,,,,,,,,,,,,,,,,,,,,,,,,,,,,,,,,,,,,,,,,,,,,,,,,,,,,,,,0,0,blue,true,,,
2,part3-innocent,,4,6,0.1,blue,true,,accuse_blue,advance_to_next_trial,,,,,,,,,,,,,,,,,,,,,,,,,,,,,,,,,,,,,,,,,,,,,,,,,,,,,,,,,,,,,1543.271600000201,2561.564200000177,,,,,,,,,,,,,,,,,,,,,,,,,,,,,,,,,,,,,,,,,,,,,,,,,,,,,,,,,,,,,,,,,,,,,,,,,,,,,,,,,,,,,,,,,,,,,,,,,,,,,,,,,,,,,,,,,,,,,,,,,0,0,blue,true,,,
3,part3-innocent,,4,6,0.7,red,true,,accuse_red,advance_to_next_trial,,,,,,,,,,,,,,,,,,,,,,,,,,,,,,,,,,,,,,,,,,,,,,,,,,,,,,,,,,,,,1358.2790000002026,2409.9036000004103,,,,,,,,,,,,,,,,,,,,,,,,,,,,,,,,,,,,,,,,,,,,,,,,,,,,,,,,,,,,,,,,,,,,,,,,,,,,,,,,,,,,,,,,,,,,,,,,,,,,,,,,,,,,,,,,,,,,,,,,,0,0,red,true,,,
4,part3-innocent,,12,8,0.7,red,true,,accuse_red,advance_to_next_trial,,,,,,,,,,,,,,,,,,,,,,,,,,,,,,,,,,,,,,,,,,,,,,,,,,,,,,,,,,,,,1298.2813999998286,2331.573400000036,,,,,,,,,,,,,,,,,,,,,,,,,,,,,,,,,,,,,,,,,,,,,,,,,,,,,,,,,,,,,,,,,,,,,,,,,,,,,,,,,,,,,,,,,,,,,,,,,,,,,,,,,,,,,,,,,,,,,,,,,0,0,red,true,,,
5,part3-innocent,,32,48,0.5,red,true,,investigate_red,investigate_blue,accuse_blue,advance_to_next_trial,,,,,,,,,,,,,,,,,,,,,,,,,,,,,,,,,,,,,,,,,,,,,,,,,,,,,,,,,,,2641.854699998936,3808.474699998343,4941.762699997778,6010.053299997545,,,,,,,,,,,,,,,,,,,,,,,,,,,,,,,,,,,,,,,,,,,,,,,,,,,,,,,,,,,0,,,,,,,,,,,,,,,,,,,,,,,,,,,,,,0,,,,,,,,,,,,,,,,,,,,,,,,,,,,,,2,0,blue,false,,,
6,part3-innocent,,6,4,0.3,red,true,,accuse_blue,advance_to_next_trial,,,,,,,,,,,,,,,,,,,,,,,,,,,,,,,,,,,,,,,,,,,,,,,,,,,,,,,,,,,,,1758.2630000003178,2961.5482000001853,,,,,,,,,,,,,,,,,,,,,,,,,,,,,,,,,,,,,,,,,,,,,,,,,,,,,,,,,,,,,,,,,,,,,,,,,,,,,,,,,,,,,,,,,,,,,,,,,,,,,,,,,,,,,,,,,,,,,,,,,0,0,blue,false,,,
7,part3-innocent,,32,48,0.7,red,true,,accuse_blue,advance_to_next_trial,,,,,,,,,,,,,,,,,,,,,,,,,,,,,,,,,,,,,,,,,,,,,,,,,,,,,,,,,,,,,1508.2730000002325,2526.565600000433,,,,,,,,,,,,,,,,,,,,,,,,,,,,,,,,,,,,,,,,,,,,,,,,,,,,,,,,,,,,,,,,,,,,,,,,,,,,,,,,,,,,,,,,,,,,,,,,,,,,,,,,,,,,,,,,,,,,,,,,,0,0,blue,false,,,
8,part3-innocent,,96,64,0.5,red,true,,accuse_blue,advance_to_next_trial,,,,,,,,,,,,,,,,,,,,,,,,,,,,,,,,,,,,,,,,,,,,,,,,,,,,,,,,,,,,,958.5875999997837,1991.8795999999793,,,,,,,,,,,,,,,,,,,,,,,,,,,,,,,,,,,,,,,,,,,,,,,,,,,,,,,,,,,,,,,,,,,,,,,,,,,,,,,,,,,,,,,,,,,,,,,,,,,,,,,,,,,,,,,,,,,,,,,,,0,0,blue,false,,,
9,part3-innocent,,12,8,0.9,red,true,,accuse_red,advance_to_next_trial,,,,,,,,,,,,,,,,,,,,,,,,,,,,,,,,,,,,,,,,,,,,,,,,,,,,,,,,,,,,,1009.959599999642,2043.2515999992704,,,,,,,,,,,,,,,,,,,,,,,,,,,,,,,,,,,,,,,,,,,,,,,,,,,,,,,,,,,,,,,,,,,,,,,,,,,,,,,,,,,,,,,,,,,,,,,,,,,,,,,,,,,,,,,,,,,,,,,,,0,0,red,true,,,
10,part3-innocent,,96,64,0.9,red,true,,accuse_red,advance_to_next_trial,,,,,,,,,,,,,,,,,,,,,,,,,,,,,,,,,,,,,,,,,,,,,,,,,,,,,,,,,,,,,924.9630000001392,1943.2556000003278,,,,,,,,,,,,,,,,,,,,,,,,,,,,,,,,,,,,,,,,,,,,,,,,,,,,,,,,,,,,,,,,,,,,,,,,,,,,,,,,,,,,,,,,,,,,,,,,,,,,,,,,,,,,,,,,,,,,,,,,,0,0,red,true,,,
11,part3-innocent,,12,8,0.1,red,true,,accuse_blue,advance_to_next_trial,,,,,,,,,,,,,,,,,,,,,,,,,,,,,,,,,,,,,,,,,,,,,,,,,,,,,,,,,,,,,791.6349999996723,1926.5895999994495,,,,,,,,,,,,,,,,,,,,,,,,,,,,,,,,,,,,,,,,,,,,,,,,,,,,,,,,,,,,,,,,,,,,,,,,,,,,,,,,,,,,,,,,,,,,,,,,,,,,,,,,,,,,,,,,,,,,,,,,,0,0,blue,false,,,
12,part3-innocent,,48,32,0.9,red,true,,accuse_red,advance_to_next_trial,,,,,,,,,,,,,,,,,,,,,,,,,,,,,,,,,,,,,,,,,,,,,,,,,,,,,,,,,,,,,974.9610000001722,1993.253600000361,,,,,,,,,,,,,,,,,,,,,,,,,,,,,,,,,,,,,,,,,,,,,,,,,,,,,,,,,,,,,,,,,,,,,,,,,,,,,,,,,,,,,,,,,,,,,,,,,,,,,,,,,,,,,,,,,,,,,,,,,0,0,red,true,,,
13,part3-innocent,,8,12,0.3,blue,true,,accuse_red,advance_to_next_trial,,,,,,,,,,,,,,,,,,,,,,,,,,,,,,,,,,,,,,,,,,,,,,,,,,,,,,,,,,,,,900.2565999997086,1918.5491999999088,,,,,,,,,,,,,,,,,,,,,,,,,,,,,,,,,,,,,,,,,,,,,,,,,,,,,,,,,,,,,,,,,,,,,,,,,,,,,,,,,,,,,,,,,,,,,,,,,,,,,,,,,,,,,,,,,,,,,,,,,0,0,red,false,,,
14,part3-innocent,,8,12,0.1,blue,true,,accuse_blue,advance_to_next_trial,,,,,,,,,,,,,,,,,,,,,,,,,,,,,,,,,,,,,,,,,,,,,,,,,,,,,,,,,,,,,658.3069999997858,1676.5995999995287,,,,,,,,,,,,,,,,,,,,,,,,,,,,,,,,,,,,,,,,,,,,,,,,,,,,,,,,,,,,,,,,,,,,,,,,,,,,,,,,,,,,,,,,,,,,,,,,,,,,,,,,,,,,,,,,,,,,,,,,,0,0,blue,true,,,
15,part3-innocent,,12,8,0.5,red,true,,investigate_red,investigate_blue,accuse_red,advance_to_next_trial,,,,,,,,,,,,,,,,,,,,,,,,,,,,,,,,,,,,,,,,,,,,,,,,,,,,,,,,,,,2074.9170000003814,2591.5630000004853,3558.191000000668,4576.483600000857,,,,,,,,,,,,,,,,,,,,,,,,,,,,,,,,,,,,,,,,,,,,,,,,,,,,,,,,,,,0,,,,,,,,,,,,,,,,,,,,,,,,,,,,,,1,,,,,,,,,,,,,,,,,,,,,,,,,,,,,,2,1,red,true,,,
16,part3-innocent,,48,32,0.5,red,true,,investigate_red,investigate_blue,accuse_red,advance_to_next_trial,,,,,,,,,,,,,,,,,,,,,,,,,,,,,,,,,,,,,,,,,,,,,,,,,,,,,,,,,,,1126.6216000001873,1876.591600000338,2693.517100000493,3728.475700000685,,,,,,,,,,,,,,,,,,,,,,,,,,,,,,,,,,,,,,,,,,,,,,,,,,,,,,,,,,,0,,,,,,,,,,,,,,,,,,,,,,,,,,,,,,1,,,,,,,,,,,,,,,,,,,,,,,,,,,,,,2,1,red,true,,,
17,part3-innocent,,16,24,0.7,red,true,,accuse_red,advance_to_next_trial,,,,,,,,,,,,,,,,,,,,,,,,,,,,,,,,,,,,,,,,,,,,,,,,,,,,,,,,,,,,,1774.9290000003327,2859.8856000001574,,,,,,,,,,,,,,,,,,,,,,,,,,,,,,,,,,,,,,,,,,,,,,,,,,,,,,,,,,,,,,,,,,,,,,,,,,,,,,,,,,,,,,,,,,,,,,,,,,,,,,,,,,,,,,,,,,,,,,,,,0,0,red,true,,,
18,part3-innocent,,48,32,0.7,red,true,,accuse_red,advance_to_next_trial,,,,,,,,,,,,,,,,,,,,,,,,,,,,,,,,,,,,,,,,,,,,,,,,,,,,,,,,,,,,,774.9690000001218,3509.859600000643,,,,,,,,,,,,,,,,,,,,,,,,,,,,,,,,,,,,,,,,,,,,,,,,,,,,,,,,,,,,,,,,,,,,,,,,,,,,,,,,,,,,,,,,,,,,,,,,,,,,,,,,,,,,,,,,,,,,,,,,,0,0,red,true,,,
19,part3-innocent,,24,16,0.3,blue,true,,accuse_blue,advance_to_next_trial,,,,,,,,,,,,,,,,,,,,,,,,,,,,,,,,,,,,,,,,,,,,,,,,,,,,,,,,,,,,,1024.959000000182,2043.2516000001115,,,,,,,,,,,,,,,,,,,,,,,,,,,,,,,,,,,,,,,,,,,,,,,,,,,,,,,,,,,,,,,,,,,,,,,,,,,,,,,,,,,,,,,,,,,,,,,,,,,,,,,,,,,,,,,,,,,,,,,,,0,0,blue,true,,,
20,part3-innocent,,6,4,0.1,blue,true,,accuse_blue,advance_to_next_trial,,,,,,,,,,,,,,,,,,,,,,,,,,,,,,,,,,,,,,,,,,,,,,,,,,,,,,,,,,,,,616.9346000000367,1635.2271999999987,,,,,,,,,,,,,,,,,,,,,,,,,,,,,,,,,,,,,,,,,,,,,,,,,,,,,,,,,,,,,,,,,,,,,,,,,,,,,,,,,,,,,,,,,,,,,,,,,,,,,,,,,,,,,,,,,,,,,,,,,0,0,blue,true,,,
21,part3-innocent,,24,16,0.9,red,true,,accuse_red,advance_to_next_trial,,,,,,,,,,,,,,,,,,,,,,,,,,,,,,,,,,,,,,,,,,,,,,,,,,,,,,,,,,,,,1074.9570000001572,2108.2490000003995,,,,,,,,,,,,,,,,,,,,,,,,,,,,,,,,,,,,,,,,,,,,,,,,,,,,,,,,,,,,,,,,,,,,,,,,,,,,,,,,,,,,,,,,,,,,,,,,,,,,,,,,,,,,,,,,,,,,,,,,,0,0,red,true,,,
22,part3-innocent,,64,96,0.7,red,true,,accuse_red,advance_to_next_trial,,,,,,,,,,,,,,,,,,,,,,,,,,,,,,,,,,,,,,,,,,,,,,,,,,,,,,,,,,,,,1191.6189999998207,2209.9115999997266,,,,,,,,,,,,,,,,,,,,,,,,,,,,,,,,,,,,,,,,,,,,,,,,,,,,,,,,,,,,,,,,,,,,,,,,,,,,,,,,,,,,,,,,,,,,,,,,,,,,,,,,,,,,,,,,,,,,,,,,,0,0,red,true,,,
23,part3-innocent,,64,96,0.9,red,true,,accuse_red,advance_to_next_trial,,,,,,,,,,,,,,,,,,,,,,,,,,,,,,,,,,,,,,,,,,,,,,,,,,,,,,,,,,,,,759.9696000000223,1811.5941999999095,,,,,,,,,,,,,,,,,,,,,,,,,,,,,,,,,,,,,,,,,,,,,,,,,,,,,,,,,,,,,,,,,,,,,,,,,,,,,,,,,,,,,,,,,,,,,,,,,,,,,,,,,,,,,,,,,,,,,,,,,0,0,red,true,,,
24,part3-innocent,,32,48,0.1,blue,true,,accuse_blue,advance_to_next_trial,,,,,,,,,,,,,,,,,,,,,,,,,,,,,,,,,,,,,,,,,,,,,,,,,,,,,,,,,,,,,824.9670000000733,1959.9216000002848,,,,,,,,,,,,,,,,,,,,,,,,,,,,,,,,,,,,,,,,,,,,,,,,,,,,,,,,,,,,,,,,,,,,,,,,,,,,,,,,,,,,,,,,,,,,,,,,,,,,,,,,,,,,,,,,,,,,,,,,,0,0,blue,true,,,
25,part3-innocent,,64,96,0.1,blue,true,,accuse_blue,advance_to_next_trial,,,,,,,,,,,,,,,,,,,,,,,,,,,,,,,,,,,,,,,,,,,,,,,,,,,,,,,,,,,,,676.6395999997742,1678.5587999999093,,,,,,,,,,,,,,,,,,,,,,,,,,,,,,,,,,,,,,,,,,,,,,,,,,,,,,,,,,,,,,,,,,,,,,,,,,,,,,,,,,,,,,,,,,,,,,,,,,,,,,,,,,,,,,,,,,,,,,,,,0,0,blue,true,,,
26,part3-innocent,,48,32,0.3,blue,true,,accuse_blue,advance_to_next_trial,,,,,,,,,,,,,,,,,,,,,,,,,,,,,,,,,,,,,,,,,,,,,,,,,,,,,,,,,,,,,649.9739999997201,1668.266599999475,,,,,,,,,,,,,,,,,,,,,,,,,,,,,,,,,,,,,,,,,,,,,,,,,,,,,,,,,,,,,,,,,,,,,,,,,,,,,,,,,,,,,,,,,,,,,,,,,,,,,,,,,,,,,,,,,,,,,,,,,0,0,blue,true,,,
27,part3-innocent,,12,8,0.3,blue,true,,accuse_blue,advance_to_next_trial,,,,,,,,,,,,,,,,,,,,,,,,,,,,,,,,,,,,,,,,,,,,,,,,,,,,,,,,,,,,,599.9760000001519,1618.2686000001256,,,,,,,,,,,,,,,,,,,,,,,,,,,,,,,,,,,,,,,,,,,,,,,,,,,,,,,,,,,,,,,,,,,,,,,,,,,,,,,,,,,,,,,,,,,,,,,,,,,,,,,,,,,,,,,,,,,,,,,,,0,0,blue,true,,,
28,part3-innocent,,8,12,0.5,blue,true,,investigate_red,accuse_blue,advance_to_next_trial,,,,,,,,,,,,,,,,,,,,,,,,,,,,,,,,,,,,,,,,,,,,,,,,,,,,,,,,,,,,1258.2830000001825,2258.2430000003833,3276.5356000003126,,,,,,,,,,,,,,,,,,,,,,,,,,,,,,,,,,,,,,,,,,,,,,,,,,,,,,,,,,,,1,,,,,,,,,,,,,,,,,,,,,,,,,,,,,,,,,,,,,,,,,,,,,,,,,,,,,,,,,,,,1,1,blue,true,,,
29,part3-innocent,,6,4,0.5,blue,true,,investigate_blue,investigate_red,investigate_blue,investigate_red,accuse_red,advance_to_next_trial,,,,,,,,,,,,,,,,,,,,,,,,,,,,,,,,,,,,,,,,,,,,,,,,,,,,,,,,,1666.600000000305,2599.8960000005495,3533.192000000737,4166.50000000085,4683.14600000094,5718.104600001117,,,,,,,,,,,,,,,,,,,,,,,,,,,,,,,,,,,,,,,,,,,,,,,,,,,,,,,,,0,0,,,,,,,,,,,,,,,,,,,,,,,,,,,,,0,0,,,,,,,,,,,,,,,,,,,,,,,,,,,,,4,0,red,false,,,
30,part3-innocent,,96,64,0.3,blue,true,,accuse_blue,advance_to_next_trial,,,,,,,,,,,,,,,,,,,,,,,,,,,,,,,,,,,,,,,,,,,,,,,,,,,,,,,,,,,,,1891.5909999991961,2993.2135999990005,,,,,,,,,,,,,,,,,,,,,,,,,,,,,,,,,,,,,,,,,,,,,,,,,,,,,,,,,,,,,,,,,,,,,,,,,,,,,,,,,,,,,,,,,,,,,,,,,,,,,,,,,,,,,,,,,,,,,,,,,0,0,blue,true,,,
31,part3-innocent,,4,6,0.5,blue,true,,investigate_red,investigate_blue,accuse_red,advance_to_next_trial,,,,,,,,,,,,,,,,,,,,,,,,,,,,,,,,,,,,,,,,,,,,,,,,,,,,,,,,,,,1158.2870000002088,1674.9330000003008,2291.5750000004246,3359.865600000623,,,,,,,,,,,,,,,,,,,,,,,,,,,,,,,,,,,,,,,,,,,,,,,,,,,,,,,,,,,0,,,,,,,,,,,,,,,,,,,,,,,,,,,,,,0,,,,,,,,,,,,,,,,,,,,,,,,,,,,,,2,0,red,false,,,
32,part3-innocent,,96,64,0.1,blue,true,,accuse_blue,advance_to_next_trial,,,,,,,,,,,,,,,,,,,,,,,,,,,,,,,,,,,,,,,,,,,,,,,,,,,,,,,,,,,,,1525.2316000001524,2776.848200000388,,,,,,,,,,,,,,,,,,,,,,,,,,,,,,,,,,,,,,,,,,,,,,,,,,,,,,,,,,,,,,,,,,,,,,,,,,,,,,,,,,,,,,,,,,,,,,,,,,,,,,,,,,,,,,,,,,,,,,,,,0,0,blue,true,,,
33,part3-innocent,,16,24,0.3,blue,true,,accuse_blue,advance_to_next_trial,,,,,,,,,,,,,,,,,,,,,,,,,,,,,,,,,,,,,,,,,,,,,,,,,,,,,,,,,,,,,908.2969999997069,2059.9175999994745,,,,,,,,,,,,,,,,,,,,,,,,,,,,,,,,,,,,,,,,,,,,,,,,,,,,,,,,,,,,,,,,,,,,,,,,,,,,,,,,,,,,,,,,,,,,,,,,,,,,,,,,,,,,,,,,,,,,,,,,,0,0,blue,true,,,
34,part3-innocent,,16,24,0.1,blue,true,,accuse_blue,advance_to_next_trial,,,,,,,,,,,,,,,,,,,,,,,,,,,,,,,,,,,,,,,,,,,,,,,,,,,,,,,,,,,,,709.9715999997342,1728.2641999995474,,,,,,,,,,,,,,,,,,,,,,,,,,,,,,,,,,,,,,,,,,,,,,,,,,,,,,,,,,,,,,,,,,,,,,,,,,,,,,,,,,,,,,,,,,,,,,,,,,,,,,,,,,,,,,,,,,,,,,,,,0,0,blue,true,,,
35,part3-innocent,,8,12,0.7,red,true,,accuse_red,advance_to_next_trial,,,,,,,,,,,,,,,,,,,,,,,,,,,,,,,,,,,,,,,,,,,,,,,,,,,,,,,,,,,,,774.9690000001218,1808.2610000003626,,,,,,,,,,,,,,,,,,,,,,,,,,,,,,,,,,,,,,,,,,,,,,,,,,,,,,,,,,,,,,,,,,,,,,,,,,,,,,,,,,,,,,,,,,,,,,,,,,,,,,,,,,,,,,,,,,,,,,,,,0,0,red,true,,,
36,part3-innocent,,32,48,0.3,blue,true,,accuse_blue,advance_to_next_trial,,,,,,,,,,,,,,,,,,,,,,,,,,,,,,,,,,,,,,,,,,,,,,,,,,,,,,,,,,,,,624.9749999997443,1643.2675999995229,,,,,,,,,,,,,,,,,,,,,,,,,,,,,,,,,,,,,,,,,,,,,,,,,,,,,,,,,,,,,,,,,,,,,,,,,,,,,,,,,,,,,,,,,,,,,,,,,,,,,,,,,,,,,,,,,,,,,,,,,0,0,blue,true,,,
37,part3-innocent,,96,64,0.7,red,true,,accuse_red,advance_to_next_trial,,,,,,,,,,,,,,,,,,,,,,,,,,,,,,,,,,,,,,,,,,,,,,,,,,,,,,,,,,,,,691.639000000094,1758.2630000003062,,,,,,,,,,,,,,,,,,,,,,,,,,,,,,,,,,,,,,,,,,,,,,,,,,,,,,,,,,,,,,,,,,,,,,,,,,,,,,,,,,,,,,,,,,,,,,,,,,,,,,,,,,,,,,,,,,,,,,,,,0,0,red,true,,,
38,part3-innocent,,8,12,0.9,red,true,,accuse_red,advance_to_next_trial,,,,,,,,,,,,,,,,,,,,,,,,,,,,,,,,,,,,,,,,,,,,,,,,,,,,,,,,,,,,,826.6335999997223,1859.9255999994703,,,,,,,,,,,,,,,,,,,,,,,,,,,,,,,,,,,,,,,,,,,,,,,,,,,,,,,,,,,,,,,,,,,,,,,,,,,,,,,,,,,,,,,,,,,,,,,,,,,,,,,,,,,,,,,,,,,,,,,,,0,0,red,true,,,
39,part3-innocent,,32,48,0.9,red,true,,accuse_red,advance_to_next_trial,,,,,,,,,,,,,,,,,,,,,,,,,,,,,,,,,,,,,,,,,,,,,,,,,,,,,,,,,,,,,858.299000000138,1924.9230000003513,,,,,,,,,,,,,,,,,,,,,,,,,,,,,,,,,,,,,,,,,,,,,,,,,,,,,,,,,,,,,,,,,,,,,,,,,,,,,,,,,,,,,,,,,,,,,,,,,,,,,,,,,,,,,,,,,,,,,,,,,0,0,red,true,,,
40,part3-innocent,,24,16,0.7,red,true,,accuse_red,advance_to_next_trial,,,,,,,,,,,,,,,,,,,,,,,,,,,,,,,,,,,,,,,,,,,,,,,,,,,,,,,,,,,,,1074.9569999996697,2108.2489999995464,,,,,,,,,,,,,,,,,,,,,,,,,,,,,,,,,,,,,,,,,,,,,,,,,,,,,,,,,,,,,,,,,,,,,,,,,,,,,,,,,,,,,,,,,,,,,,,,,,,,,,,,,,,,,,,,,,,,,,,,,0,0,red,true,,,
41,part3-innocent,,4,6,0.9,red,true,,accuse_red,advance_to_next_trial,,,,,,,,,,,,,,,,,,,,,,,,,,,,,,,,,,,,,,,,,,,,,,,,,,,,,,,,,,,,,658.3070000000874,1709.9316000002812,,,,,,,,,,,,,,,,,,,,,,,,,,,,,,,,,,,,,,,,,,,,,,,,,,,,,,,,,,,,,,,,,,,,,,,,,,,,,,,,,,,,,,,,,,,,,,,,,,,,,,,,,,,,,,,,,,,,,,,,,0,0,red,true,,,
42,part3-innocent,,24,16,0.5,blue,true,,investigate_red,accuse_blue,advance_to_next_trial,,,,,,,,,,,,,,,,,,,,,,,,,,,,,,,,,,,,,,,,,,,,,,,,,,,,,,,,,,,,1941.8815999995907,3491.8195999993363,5243.416199998927,,,,,,,,,,,,,,,,,,,,,,,,,,,,,,,,,,,,,,,,,,,,,,,,,,,,,,,,,,,,1,,,,,,,,,,,,,,,,,,,,,,,,,,,,,,,,,,,,,,,,,,,,,,,,,,,,,,,,,,,,1,1,blue,true,,,
43,part3-innocent,,24,16,0.1,blue,true,,accuse_blue,advance_to_next_trial,,,,,,,,,,,,,,,,,,,,,,,,,,,,,,,,,,,,,,,,,,,,,,,,,,,,,,,,,,,,,1058.2910000001789,2076.5836000003615,,,,,,,,,,,,,,,,,,,,,,,,,,,,,,,,,,,,,,,,,,,,,,,,,,,,,,,,,,,,,,,,,,,,,,,,,,,,,,,,,,,,,,,,,,,,,,,,,,,,,,,,,,,,,,,,,,,,,,,,,0,0,blue,true,,,
44,part3-innocent,,16,24,0.9,red,true,,accuse_red,advance_to_next_trial,,,,,,,,,,,,,,,,,,,,,,,,,,,,,,,,,,,,,,,,,,,,,,,,,,,,,,,,,,,,,893.2976000001663,1911.5902000003493,,,,,,,,,,,,,,,,,,,,,,,,,,,,,,,,,,,,,,,,,,,,,,,,,,,,,,,,,,,,,,,,,,,,,,,,,,,,,,,,,,,,,,,,,,,,,,,,,,,,,,,,,,,,,,,,,,,,,,,,,0,0,red,true,,,
45,part3-innocent,,4,6,0.3,blue,true,,accuse_blue,advance_to_next_trial,,,,,,,,,,,,,,,,,,,,,,,,,,,,,,,,,,,,,,,,,,,,,,,,,,,,,,,,,,,,,766.6360000000807,2349.9060000000713,,,,,,,,,,,,,,,,,,,,,,,,,,,,,,,,,,,,,,,,,,,,,,,,,,,,,,,,,,,,,,,,,,,,,,,,,,,,,,,,,,,,,,,,,,,,,,,,,,,,,,,,,,,,,,,,,,,,,,,,,0,0,blue,true,,,
46,part3-innocent,,6,4,0.7,red,true,,accuse_red,advance_to_next_trial,,,,,,,,,,,,,,,,,,,,,,,,,,,,,,,,,,,,,,,,,,,,,,,,,,,,,,,,,,,,,841.6330000001478,1859.925600000004,,,,,,,,,,,,,,,,,,,,,,,,,,,,,,,,,,,,,,,,,,,,,,,,,,,,,,,,,,,,,,,,,,,,,,,,,,,,,,,,,,,,,,,,,,,,,,,,,,,,,,,,,,,,,,,,,,,,,,,,,0,0,red,true,,,
47,part3-innocent,,48,32,0.1,red,true,,accuse_blue,advance_to_next_trial,,,,,,,,,,,,,,,,,,,,,,,,,,,,,,,,,,,,,,,,,,,,,,,,,,,,,,,,,,,,,708.3049999999353,1859.9256000001685,,,,,,,,,,,,,,,,,,,,,,,,,,,,,,,,,,,,,,,,,,,,,,,,,,,,,,,,,,,,,,,,,,,,,,,,,,,,,,,,,,,,,,,,,,,,,,,,,,,,,,,,,,,,,,,,,,,,,,,,,0,0,blue,false,,,
48,part3-innocent,,64,96,0.5,red,true,,accuse_red,advance_to_next_trial,,,,,,,,,,,,,,,,,,,,,,,,,,,,,,,,,,,,,,,,,,,,,,,,,,,,,,,,,,,,,874.9650000001311,1958.2549999998635,,,,,,,,,,,,,,,,,,,,,,,,,,,,,,,,,,,,,,,,,,,,,,,,,,,,,,,,,,,,,,,,,,,,,,,,,,,,,,,,,,,,,,,,,,,,,,,,,,,,,,,,,,,,,,,,,,,,,,,,,0,0,red,true,,,
49,part3-innocent,,16,24,0.5,blue,true,,accuse_blue,advance_to_next_trial,,,,,,,,,,,,,,,,,,,,,,,,,,,,,,,,,,,,,,,,,,,,,,,,,,,,,,,,,,,,,943.2956000001411,1961.5882000000909,,,,,,,,,,,,,,,,,,,,,,,,,,,,,,,,,,,,,,,,,,,,,,,,,,,,,,,,,,,,,,,,,,,,,,,,,,,,,,,,,,,,,,,,,,,,,,,,,,,,,,,,,,,,,,,,,,,,,,,,,0,0,blue,true,,,
50,part3-innocent,,6,4,0.9,red,true,,accuse_red,advance_to_next_trial,,,,,,,,,,,,,,,,,,,,,,,,,,,,,,,,,,,,,,,,,,,,,,,,,,,,,,,,,,,,,808.3010000001179,1826.7532000003155,,,,,,,,,,,,,,,,,,,,,,,,,,,,,,,,,,,,,,,,,,,,,,,,,,,,,,,,,,,,,,,,,,,,,,,,,,,,,,,,,,,,,,,,,,,,,,,,,,,,,,,,,,,,,,,,,,,,,,,,,0,0,red,true,,,
Bonus Amount - Part 1,,,,,,,,,,,,,,,,,,,,,,,,,,,,,,,,,,,,,,,,,,,,,,,,,,,,,,,,,,,,,,,,,,,,,,,,,,,,,,,,,,,,,,,,,,,,,,,,,,,,,,,,,,,,,,,,,,,,,,,,,,,,,,,,,,,,,,,,,,,,,,,,,,,,,,,,,,,,,,,,,,,,,,,,,,,,,,,,,,,,,,,,,,,,,,,,,,,,,1000,24,
Bonus Amount - Part 2,,,,,,,,,,,,,,,,,,,,,,,,,,,,,,,,,,,,,,,,,,,,,,,,,,,,,,,,,,,,,,,,,,,,,,,,,,,,,,,,,,,,,,,,,,,,,,,,,,,,,,,,,,,,,,,,,,,,,,,,,,,,,,,,,,,,,,,,,,,,,,,,,,,,,,,,,,,,,,,,,,,,,,,,,,,,,,,,,,,,,,,,,,,,,,,,,,,,,1460,10,
Bonus Amount - Part 3,,,,,,,,,,,,,,,,,,,,,,,,,,,,,,,,,,,,,,,,,,,,,,,,,,,,,,,,,,,,,,,,,,,,,,,,,,,,,,,,,,,,,,,,,,,,,,,,,,,,,,,,,,,,,,,,,,,,,,,,,,,,,,,,,,,,,,,,,,,,,,,,,,,,,,,,,,,,,,,,,,,,,,,,,,,,,,,,,,,,,,,,,,,,,,,,,,,,,480,29,
Total bonus paid out,,,,,,,,,,,,,,,,,,,,,,,,,,,,,,,,,,,,,,,,,,,,,,,,,,,,,,,,,,,,,,,,,,,,,,,,,,,,,,,,,,,,,,,,,,,,,,,,,,,,,,,,,,,,,,,,,,,,,,,,,,,,,,,,,,,,,,,,,,,,,,,,,,,,,,,,,,,,,,,,,,,,,,,,,,,,,,,,,,,,,,,,,,,,,,,,,,,,,,,368
