trial_no,block_name,setup_cost,red_prior_prob,guilty_suspect_chosen,timing_valid,timing_error,choice_1,choice_2,choice_3,choice_4,choice_5,choice_6,choice_7,choice_8,choice_9,choice_10,choice_11,choice_12,choice_13,choice_14,choice_15,choice_16,choice_17,choice_18,choice_19,choice_20,choice_21,choice_22,choice_23,choice_24,choice_25,choice_26,choice_27,choice_28,choice_29,choice_30,choice_31,choice_32,choice_33,choice_34,choice_35,choice_36,choice_37,choice_38,choice_39,choice_40,choice_41,choice_42,choice_43,choice_44,choice_45,choice_46,choice_47,choice_48,choice_49,choice_50,choice_51,choice_52,choice_53,choice_54,choice_55,choice_56,choice_57,choice_58,choice_59,choice_60,choice_61,choice_62,timing_choice_1,timing_choice_2,timing_choice_3,timing_choice_4,timing_choice_5,timing_choice_6,timing_choice_7,timing_choice_8,timing_choice_9,timing_choice_10,timing_choice_11,timing_choice_12,timing_choice_13,timing_choice_14,timing_choice_15,timing_choice_16,timing_choice_17,timing_choice_18,timing_choice_19,timing_choice_20,timing_choice_21,timing_choice_22,timing_choice_23,timing_choice_24,timing_choice_25,timing_choice_26,timing_choice_27,timing_choice_28,timing_choice_29,timing_choice_30,timing_choice_31,timing_choice_32,timing_choice_33,timing_choice_34,timing_choice_35,timing_choice_36,timing_choice_37,timing_choice_38,timing_choice_39,timing_choice_40,timing_choice_41,timing_choice_42,timing_choice_43,timing_choice_44,timing_choice_45,timing_choice_46,timing_choice_47,timing_choice_48,timing_choice_49,timing_choice_50,timing_choice_51,timing_choice_52,timing_choice_53,timing_choice_54,timing_choice_55,timing_choice_56,timing_choice_57,timing_choice_58,timing_choice_59,timing_choice_60,timing_choice_61,timing_choice_62,evidence_red_1,evidence_red_2,evidence_red_3,evidence_red_4,evidence_red_5,evidence_red_6,evidence_red_7,evidence_red_8,evidence_red_9,evidence_red_10,evidence_red_11,evidence_red_12,evidence_red_13,evidence_red_14,evidence_red_15,evidence_red_16,evidence_red_17,evidence_red_18,evidence_red_19,evidence_red_20,evidence_red_21,evidence_red_22,evidence_red_23,evidence_red_24,evidence_red_25,evidence_red_26,evidence_red_27,evidence_red_28,evidence_red_29,evidence_red_30,evidence_blue_1,evidence_blue_2,evidence_blue_3,evidence_blue_4,evidence_blue_5,evidence_blue_6,evidence_blue_7,evidence_blue_8,evidence_blue_9,evidence_blue_10,evidence_blue_11,evidence_blue_12,evidence_blue_13,evidence_blue_14,evidence_blue_15,evidence_blue_16,evidence_blue_17,evidence_blue_18,evidence_blue_19,evidence_blue_20,evidence_blue_21,evidence_blue_22,evidence_blue_23,evidence_blue_24,evidence_blue_25,evidence_blue_26,evidence_blue_27,evidence_blue_28,evidence_blue_29,evidence_blue_30,num_evidences_total,final_evidence,suspect_accused,correct_suspect_accused,bonus_earned,trial_chosen_for_bonus,total_bonus_paid_cents
1,part1,3,0.1,blue,TRUE,,investigate_blue,accuse_blue,advance_to_next_trial,,,,,,,,,,,,,,,,,,,,,,,,,,,,,,,,,,,,,,,,,,,,,,,,,,,,,,,,,,,,7248.7705,14925.2204,19853.7967,,,,,,,,,,,,,,,,,,,,,,,,,,,,,,,,,,,,,,,,,,,,,,,,,,,,,,,,,,,,,,,,,,,,,,,,,,,,,,,,,,,,,,,,,,1,,,,,,,,,,,,,,,,,,,,,,,,,,,,,,1,1,blue,TRUE,,,
2,part1,1,0.9,red,TRUE,,investigate_red,accuse_red,advance_to_next_trial,,,,,,,,,,,,,,,,,,,,,,,,,,,,,,,,,,,,,,,,,,,,,,,,,,,,,,,,,,,,4815.8912,10527.4613,13891.1625,,,,,,,,,,,,,,,,,,,,,,,,,,,,,,,,,,,,,,,,,,,,,,,,,,,,,,,,,,,,0,,,,,,,,,,,,,,,,,,,,,,,,,,,,,,,,,,,,,,,,,,,,,,,,,,,,,,,,,,,,1,0,red,TRUE,,,
3,part1,5,0.5,blue,TRUE,,investigate_red,investigate_red,investigate_red,investigate_red,investigate_blue,accuse_blue,advance_to_next_trial,,,,,,,,,,,,,,,,,,,,,,,,,,,,,,,,,,,,,,,,,,,,,,,,,,,,,,,,3898.5204,9427.2441,10659.5481,12607.9992,18886.2719,24581.1872,33540.2155,,,,,,,,,,,,,,,,,,,,,,,,,,,,,,,,,,,,,,,,,,,,,,,,,,,,,,,,0,0,0,0,,,,,,,,,,,,,,,,,,,,,,,,,,,0,,,,,,,,,,,,,,,,,,,,,,,,,,,,,,5,0,blue,TRUE,,,
4,part1,1,0.3,blue,TRUE,,investigate_blue,accuse_blue,advance_to_next_trial,,,,,,,,,,,,,,,,,,,,,,,,,,,,,,,,,,,,,,,,,,,,,,,,,,,,,,,,,,,,3232.2021,5496.7831,7678.0805,,,,,,,,,,,,,,,,,,,,,,,,,,,,,,,,,,,,,,,,,,,,,,,,,,,,,,,,,,,,,,,,,,,,,,,,,,,,,,,,,,,,,,,,,,0,,,,,,,,,,,,,,,,,,,,,,,,,,,,,,1,0,blue,TRUE,,,
5,part1,7,0.9,red,TRUE,,investigate_red,investigate_red,investigate_red,investigate_red,accuse_red,advance_to_next_trial,,,,,,,,,,,,,,,,,,,,,,,,,,,,,,,,,,,,,,,,,,,,,,,,,,,,,,,,,6712.6661,9426.7611,10692.2205,11708.1141,13956.1628,16370.8254,,,,,,,,,,,,,,,,,,,,,,,,,,,,,,,,,,,,,,,,,,,,,,,,,,,,,,,,,0,0,0,1,,,,,,,,,,,,,,,,,,,,,,,,,,,,,,,,,,,,,,,,,,,,,,,,,,,,,,,,,4,1,red,TRUE,,,
6,part1,5,0.1,blue,TRUE,,investigate_blue,investigate_blue,investigate_blue,accuse_blue,advance_to_next_trial,,,,,,,,,,,,,,,,,,,,,,,,,,,,,,,,,,,,,,,,,,,,,,,,,,,,,,,,,,3014.0348,4262.9324,7326.9725,8925.5543,10957.1493,,,,,,,,,,,,,,,,,,,,,,,,,,,,,,,,,,,,,,,,,,,,,,,,,,,,,,,,,,,,,,,,,,,,,,,,,,,,,,,,,,,,,,,,0,0,1,,,,,,,,,,,,,,,,,,,,,,,,,,,,3,1,blue,TRUE,,,
7,part1,3,0.3,red,TRUE,,investigate_blue,investigate_blue,investigate_blue,accuse_blue,advance_to_next_trial,,,,,,,,,,,,,,,,,,,,,,,,,,,,,,,,,,,,,,,,,,,,,,,,,,,,,,,,,,2865.8568,4530.988,5713.3838,9060.6198,11875.0525,,,,,,,,,,,,,,,,,,,,,,,,,,,,,,,,,,,,,,,,,,,,,,,,,,,,,,,,,,,,,,,,,,,,,,,,,,,,,,,,,,,,,,,,0,0,0,,,,,,,,,,,,,,,,,,,,,,,,,,,,3,0,blue,FALSE,,,
8,part1,1,0.1,blue,TRUE,,investigate_blue,accuse_blue,advance_to_next_trial,,,,,,,,,,,,,,,,,,,,,,,,,,,,,,,,,,,,,,,,,,,,,,,,,,,,,,,,,,,,1916.608,4880.606,7444.8661,,,,,,,,,,,,,,,,,,,,,,,,,,,,,,,,,,,,,,,,,,,,,,,,,,,,,,,,,,,,,,,,,,,,,,,,,,,,,,,,,,,,,,,,,,0,,,,,,,,,,,,,,,,,,,,,,,,,,,,,,1,0,blue,TRUE,,,
9,part1,3,0.5,blue,TRUE,,investigate_blue,investigate_blue,investigate_blue,accuse_red,advance_to_next_trial,,,,,,,,,,,,,,,,,,,,,,,,,,,,,,,,,,,,,,,,,,,,,,,,,,,,,,,,,,3865.293,5580.4822,8377.8944,10376.1982,13140.5221,,,,,,,,,,,,,,,,,,,,,,,,,,,,,,,,,,,,,,,,,,,,,,,,,,,,,,,,,,,,,,,,,,,,,,,,,,,,,,,,,,,,,,,,0,0,0,,,,,,,,,,,,,,,,,,,,,,,,,,,,3,0,red,FALSE,,,
10,part1,9,0.9,red,TRUE,,investigate_red,investigate_red,accuse_red,advance_to_next_trial,,,,,,,,,,,,,,,,,,,,,,,,,,,,,,,,,,,,,,,,,,,,,,,,,,,,,,,,,,,1483.5607,2499.4037,4497.671,6762.3191,,,,,,,,,,,,,,,,,,,,,,,,,,,,,,,,,,,,,,,,,,,,,,,,,,,,,,,,,,,0,1,,,,,,,,,,,,,,,,,,,,,,,,,,,,,,,,,,,,,,,,,,,,,,,,,,,,,,,,,,,2,1,red,TRUE,,,
11,part1,5,0.7,red,TRUE,,investigate_red,accuse_red,advance_to_next_trial,,,,,,,,,,,,,,,,,,,,,,,,,,,,,,,,,,,,,,,,,,,,,,,,,,,,,,,,,,,,1550.179,3181.9456,5213.4794,,,,,,,,,,,,,,,,,,,,,,,,,,,,,,,,,,,,,,,,,,,,,,,,,,,,,,,,,,,,1,,,,,,,,,,,,,,,,,,,,,,,,,,,,,,,,,,,,,,,,,,,,,,,,,,,,,,,,,,,,1,1,red,TRUE,,,
12,part1,9,0.7,red,TRUE,,investigate_red,investigate_red,investigate_red,investigate_red,investigate_red,investigate_red,investigate_red,accuse_red,advance_to_next_trial,,,,,,,,,,,,,,,,,,,,,,,,,,,,,,,,,,,,,,,,,,,,,,,,,,,,,,967.5021,1983.2347,3048.9777,4664.142,6062.9599,7278.6177,8427.6819,12341.1868,14472.7834,,,,,,,,,,,,,,,,,,,,,,,,,,,,,,,,,,,,,,,,,,,,,,,,,,,,,,0,0,0,0,0,0,1,,,,,,,,,,,,,,,,,,,,,,,,,,,,,,,,,,,,,,,,,,,,,,,,,,,,,,7,1,red,TRUE,,,
13,part1,5,0.9,red,TRUE,,investigate_red,investigate_red,investigate_red,investigate_red,investigate_red,accuse_red,advance_to_next_trial,,,,,,,,,,,,,,,,,,,,,,,,,,,,,,,,,,,,,,,,,,,,,,,,,,,,,,,,917.5247,2982.2808,3998.0095,6312.6978,9093.5906,11541.4103,13689.3408,,,,,,,,,,,,,,,,,,,,,,,,,,,,,,,,,,,,,,,,,,,,,,,,,,,,,,,,0,0,0,0,0,,,,,,,,,,,,,,,,,,,,,,,,,,,,,,,,,,,,,,,,,,,,,,,,,,,,,,,,5,0,red,TRUE,,,
14,part1,5,0.3,blue,TRUE,,investigate_blue,investigate_blue,investigate_blue,accuse_blue,advance_to_next_trial,,,,,,,,,,,,,,,,,,,,,,,,,,,,,,,,,,,,,,,,,,,,,,,,,,,,,,,,,,1100.7939,2116.5083,3232.0581,4664.1455,8246.0258,,,,,,,,,,,,,,,,,,,,,,,,,,,,,,,,,,,,,,,,,,,,,,,,,,,,,,,,,,,,,,,,,,,,,,,,,,,,,,,,,,,,,,,,0,0,1,,,,,,,,,,,,,,,,,,,,,,,,,,,,3,1,blue,TRUE,,,
15,part1,7,0.7,blue,TRUE,,investigate_red,investigate_red,investigate_red,investigate_red,investigate_red,investigate_red,investigate_red,accuse_blue,advance_to_next_trial,,,,,,,,,,,,,,,,,,,,,,,,,,,,,,,,,,,,,,,,,,,,,,,,,,,,,,1517.0858,3648.3566,4680.8331,5763.2167,6778.9458,8843.8551,9859.576,11058.6192,13389.6757,,,,,,,,,,,,,,,,,,,,,,,,,,,,,,,,,,,,,,,,,,,,,,,,,,,,,,0,0,0,0,0,0,0,,,,,,,,,,,,,,,,,,,,,,,,,,,,,,,,,,,,,,,,,,,,,,,,,,,,,,7,0,blue,TRUE,,,
16,part1,9,0.5,blue,TRUE,,investigate_red,investigate_red,investigate_red,investigate_red,investigate_red,investigate_red,investigate_red,investigate_red,investigate_red,accuse_blue,advance_to_next_trial,,,,,,,,,,,,,,,,,,,,,,,,,,,,,,,,,,,,,,,,,,,,,,,,,,,,1716.7408,2732.5046,3748.3149,4764.2641,6446.2653,7462.0106,8477.7595,10309.4952,11325.3019,12341.1178,14439.2448,,,,,,,,,,,,,,,,,,,,,,,,,,,,,,,,,,,,,,,,,,,,,,,,,,,,0,0,0,0,0,0,0,0,0,,,,,,,,,,,,,,,,,,,,,,,,,,,,,,,,,,,,,,,,,,,,,,,,,,,,9,0,blue,TRUE,,,
17,part1,7,0.1,blue,TRUE,,investigate_blue,accuse_blue,advance_to_next_trial,,,,,,,,,,,,,,,,,,,,,,,,,,,,,,,,,,,,,,,,,,,,,,,,,,,,,,,,,,,,1215.6778,4246.7145,6378.1881,,,,,,,,,,,,,,,,,,,,,,,,,,,,,,,,,,,,,,,,,,,,,,,,,,,,,,,,,,,,,,,,,,,,,,,,,,,,,,,,,,,,,,,,,,1,,,,,,,,,,,,,,,,,,,,,,,,,,,,,,1,1,blue,TRUE,,,
18,part1,1,0.7,red,TRUE,,investigate_red,accuse_red,advance_to_next_trial,,,,,,,,,,,,,,,,,,,,,,,,,,,,,,,,,,,,,,,,,,,,,,,,,,,,,,,,,,,,1450.6573,7362.2546,10026.3979,,,,,,,,,,,,,,,,,,,,,,,,,,,,,,,,,,,,,,,,,,,,,,,,,,,,,,,,,,,,0,,,,,,,,,,,,,,,,,,,,,,,,,,,,,,,,,,,,,,,,,,,,,,,,,,,,,,,,,,,,1,0,red,TRUE,,,
19,part1,3,0.7,blue,TRUE,,investigate_red,investigate_red,investigate_red,accuse_red,advance_to_next_trial,,,,,,,,,,,,,,,,,,,,,,,,,,,,,,,,,,,,,,,,,,,,,,,,,,,,,,,,,,2449.5973,3498.7819,4514.5218,7062.4385,9094.163,,,,,,,,,,,,,,,,,,,,,,,,,,,,,,,,,,,,,,,,,,,,,,,,,,,,,,,,,,0,0,0,,,,,,,,,,,,,,,,,,,,,,,,,,,,,,,,,,,,,,,,,,,,,,,,,,,,,,,,,,3,0,red,FALSE,,,
20,part1,9,0.1,blue,TRUE,,investigate_blue,accuse_blue,advance_to_next_trial,,,,,,,,,,,,,,,,,,,,,,,,,,,,,,,,,,,,,,,,,,,,,,,,,,,,,,,,,,,,2580.8731,4196.1221,6577.3323,,,,,,,,,,,,,,,,,,,,,,,,,,,,,,,,,,,,,,,,,,,,,,,,,,,,,,,,,,,,,,,,,,,,,,,,,,,,,,,,,,,,,,,,,,1,,,,,,,,,,,,,,,,,,,,,,,,,,,,,,1,1,blue,TRUE,,,
21,part1,3,0.9,red,TRUE,,investigate_red,investigate_red,investigate_red,accuse_red,advance_to_next_trial,,,,,,,,,,,,,,,,,,,,,,,,,,,,,,,,,,,,,,,,,,,,,,,,,,,,,,,,,,1650.14,2832.4855,3848.2694,4897.3917,6929.1299,,,,,,,,,,,,,,,,,,,,,,,,,,,,,,,,,,,,,,,,,,,,,,,,,,,,,,,,,,0,0,0,,,,,,,,,,,,,,,,,,,,,,,,,,,,,,,,,,,,,,,,,,,,,,,,,,,,,,,,,,3,0,red,TRUE,,,
22,part1,1,0.5,red,TRUE,,investigate_blue,accuse_red,advance_to_next_trial,,,,,,,,,,,,,,,,,,,,,,,,,,,,,,,,,,,,,,,,,,,,,,,,,,,,,,,,,,,,1283.9961,4930.7071,7411.7839,,,,,,,,,,,,,,,,,,,,,,,,,,,,,,,,,,,,,,,,,,,,,,,,,,,,,,,,,,,,,,,,,,,,,,,,,,,,,,,,,,,,,,,,,,0,,,,,,,,,,,,,,,,,,,,,,,,,,,,,,1,0,red,TRUE,,,
23,part1,7,0.3,blue,TRUE,,investigate_blue,accuse_blue,advance_to_next_trial,,,,,,,,,,,,,,,,,,,,,,,,,,,,,,,,,,,,,,,,,,,,,,,,,,,,,,,,,,,,1099.1377,3130.6895,5678.4436,,,,,,,,,,,,,,,,,,,,,,,,,,,,,,,,,,,,,,,,,,,,,,,,,,,,,,,,,,,,,,,,,,,,,,,,,,,,,,,,,,,,,,,,,,1,,,,,,,,,,,,,,,,,,,,,,,,,,,,,,1,1,blue,TRUE,,,
24,part1,7,0.5,blue,TRUE,,investigate_blue,accuse_blue,advance_to_next_trial,,,,,,,,,,,,,,,,,,,,,,,,,,,,,,,,,,,,,,,,,,,,,,,,,,,,,,,,,,,,2814.2577,4279.5268,6794.0643,,,,,,,,,,,,,,,,,,,,,,,,,,,,,,,,,,,,,,,,,,,,,,,,,,,,,,,,,,,,,,,,,,,,,,,,,,,,,,,,,,,,,,,,,,1,,,,,,,,,,,,,,,,,,,,,,,,,,,,,,1,1,blue,TRUE,,,
25,part1,9,0.3,blue,TRUE,,investigate_blue,investigate_blue,investigate_blue,accuse_blue,advance_to_next_trial,,,,,,,,,,,,,,,,,,,,,,,,,,,,,,,,,,,,,,,,,,,,,,,,,,,,,,,,,,1900.0672,3831.7894,4847.553,6146.4207,8594.3863,,,,,,,,,,,,,,,,,,,,,,,,,,,,,,,,,,,,,,,,,,,,,,,,,,,,,,,,,,,,,,,,,,,,,,,,,,,,,,,,,,,,,,,,0,0,1,,,,,,,,,,,,,,,,,,,,,,,,,,,,3,1,blue,TRUE,,,
1,part2,80,0.3,red,TRUE,,investigate_blue,investigate_blue,investigate_blue,investigate_blue,investigate_blue,investigate_blue,accuse_red,advance_to_next_trial,,,,,,,,,,,,,,,,,,,,,,,,,,,,,,,,,,,,,,,,,,,,,,,,,,,,,,,7162.1858,9226.9362,10542.361,11658.0818,14155.9478,15554.6523,20516.9259,23480.8857,,,,,,,,,,,,,,,,,,,,,,,,,,,,,,,,,,,,,,,,,,,,,,,,,,,,,,,,,,,,,,,,,,,,,,,,,,,,,,,,,,,,,0,0,0,0,0,0,,,,,,,,,,,,,,,,,,,,,,,,,6,0,red,TRUE,,,
2,part2,10,0.1,blue,TRUE,,accuse_blue,advance_to_next_trial,,,,,,,,,,,,,,,,,,,,,,,,,,,,,,,,,,,,,,,,,,,,,,,,,,,,,,,,,,,,,6296.0739,8877.0729,,,,,,,,,,,,,,,,,,,,,,,,,,,,,,,,,,,,,,,,,,,,,,,,,,,,,,,,,,,,,,,,,,,,,,,,,,,,,,,,,,,,,,,,,,,,,,,,,,,,,,,,,,,,,,,,,,,,,,,,,0,0,blue,TRUE,,,
3,part2,20,0.9,red,TRUE,,investigate_red,investigate_red,investigate_red,accuse_red,advance_to_next_trial,,,,,,,,,,,,,,,,,,,,,,,,,,,,,,,,,,,,,,,,,,,,,,,,,,,,,,,,,,11607.9115,12623.6612,13639.5715,16836.5725,19117.921,,,,,,,,,,,,,,,,,,,,,,,,,,,,,,,,,,,,,,,,,,,,,,,,,,,,,,,,,,0,0,1,,,,,,,,,,,,,,,,,,,,,,,,,,,,,,,,,,,,,,,,,,,,,,,,,,,,,,,,,,3,1,red,TRUE,,,
4,part2,40,0.3,blue,TRUE,,investigate_blue,accuse_blue,advance_to_next_trial,,,,,,,,,,,,,,,,,,,,,,,,,,,,,,,,,,,,,,,,,,,,,,,,,,,,,,,,,,,,5796.632,8427.6434,10975.4207,,,,,,,,,,,,,,,,,,,,,,,,,,,,,,,,,,,,,,,,,,,,,,,,,,,,,,,,,,,,,,,,,,,,,,,,,,,,,,,,,,,,,,,,,,1,,,,,,,,,,,,,,,,,,,,,,,,,,,,,,1,1,blue,TRUE,,,
5,part2,20,0.7,red,TRUE,,investigate_red,investigate_red,investigate_red,investigate_red,accuse_red,advance_to_next_trial,,,,,,,,,,,,,,,,,,,,,,,,,,,,,,,,,,,,,,,,,,,,,,,,,,,,,,,,,9436.802833,11601.70343,12833.99243,14066.23823,15964.52143,19744.56043,,,,,,,,,,,,,,,,,,,,,,,,,,,,,,,,,,,,,,,,,,,,,,,,,,,,,,,,,0,0,0,1,,,,,,,,,,,,,,,,,,,,,,,,,,,,,,,,,,,,,,,,,,,,,,,,,,,,,,,,,4,1,red,TRUE,,,
6,part2,80,0.9,blue,TRUE,,investigate_red,investigate_red,investigate_red,investigate_red,investigate_red,investigate_red,accuse_blue,advance_to_next_trial,,,,,,,,,,,,,,,,,,,,,,,,,,,,,,,,,,,,,,,,,,,,,,,,,,,,,,,2382.8476,3431.9131,4464.3695,6445.9167,11441.5101,12590.5425,17819.081,19850.5351,,,,,,,,,,,,,,,,,,,,,,,,,,,,,,,,,,,,,,,,,,,,,,,,,,,,,,,0,0,0,0,0,0,,,,,,,,,,,,,,,,,,,,,,,,,,,,,,,,,,,,,,,,,,,,,,,,,,,,,,,6,0,blue,TRUE,,,
7,part2,5,0.1,red,TRUE,,investigate_blue,investigate_blue,investigate_blue,investigate_blue,investigate_blue,investigate_blue,investigate_blue,investigate_blue,investigate_blue,investigate_blue,investigate_blue,investigate_blue,investigate_blue,accuse_red,advance_to_next_trial,,,,,,,,,,,,,,,,,,,,,,,,,,,,,,,,,,,,,,,,,,,,,,,,1367.239,2499.624,4181.4199,5463.6299,6495.9158,8294.3515,9526.6626,11158.6741,12357.6644,13373.4483,14705.7038,15871.4399,17453.3163,19318.5174,22715.8221,,,,,,,,,,,,,,,,,,,,,,,,,,,,,,,,,,,,,,,,,,,,,,,,,,,,,,,,,,,,,,,,,,,,,,,,,,,,,,0,0,0,0,0,0,0,0,0,0,0,0,0,,,,,,,,,,,,,,,,,,13,0,red,TRUE,,,
8,part2,80,0.1,blue,TRUE,,investigate_blue,investigate_blue,investigate_blue,investigate_blue,investigate_blue,investigate_blue,accuse_blue,advance_to_next_trial,,,,,,,,,,,,,,,,,,,,,,,,,,,,,,,,,,,,,,,,,,,,,,,,,,,,,,,2582.6006,3731.605,4797.1239,5813.0361,6828.8709,7844.7115,9826.2698,11874.4849,,,,,,,,,,,,,,,,,,,,,,,,,,,,,,,,,,,,,,,,,,,,,,,,,,,,,,,,,,,,,,,,,,,,,,,,,,,,,,,,,,,,,0,0,0,0,0,1,,,,,,,,,,,,,,,,,,,,,,,,,6,1,blue,TRUE,,,
9,part2,40,0.5,blue,TRUE,,investigate_blue,accuse_blue,advance_to_next_trial,,,,,,,,,,,,,,,,,,,,,,,,,,,,,,,,,,,,,,,,,,,,,,,,,,,,,,,,,,,,3165.5566,4364.4996,6995.3879,,,,,,,,,,,,,,,,,,,,,,,,,,,,,,,,,,,,,,,,,,,,,,,,,,,,,,,,,,,,,,,,,,,,,,,,,,,,,,,,,,,,,,,,,,1,,,,,,,,,,,,,,,,,,,,,,,,,,,,,,1,1,blue,TRUE,,,
10,part2,40,0.1,blue,TRUE,,investigate_blue,investigate_blue,investigate_blue,accuse_blue,advance_to_next_trial,,,,,,,,,,,,,,,,,,,,,,,,,,,,,,,,,,,,,,,,,,,,,,,,,,,,,,,,,,3332.3647,4881.0422,6113.3327,7345.6364,9443.6156,,,,,,,,,,,,,,,,,,,,,,,,,,,,,,,,,,,,,,,,,,,,,,,,,,,,,,,,,,,,,,,,,,,,,,,,,,,,,,,,,,,,,,,,0,0,1,,,,,,,,,,,,,,,,,,,,,,,,,,,,3,1,blue,TRUE,,,
11,part2,40,0.7,red,TRUE,,investigate_red,investigate_red,investigate_red,investigate_red,investigate_red,investigate_red,investigate_red,accuse_red,advance_to_next_trial,,,,,,,,,,,,,,,,,,,,,,,,,,,,,,,,,,,,,,,,,,,,,,,,,,,,,,1481.8724,2597.5133,3613.3044,4629.0762,5711.4287,6727.2255,7859.6377,9807.8644,11839.4463,,,,,,,,,,,,,,,,,,,,,,,,,,,,,,,,,,,,,,,,,,,,,,,,,,,,,,0,0,0,0,0,0,1,,,,,,,,,,,,,,,,,,,,,,,,,,,,,,,,,,,,,,,,,,,,,,,,,,,,,,7,1,red,TRUE,,,
12,part2,5,0.9,red,TRUE,,investigate_red,accuse_red,advance_to_next_trial,,,,,,,,,,,,,,,,,,,,,,,,,,,,,,,,,,,,,,,,,,,,,,,,,,,,,,,,,,,,3049.0574,4464.4823,6496.0195,,,,,,,,,,,,,,,,,,,,,,,,,,,,,,,,,,,,,,,,,,,,,,,,,,,,,,,,,,,,1,,,,,,,,,,,,,,,,,,,,,,,,,,,,,,,,,,,,,,,,,,,,,,,,,,,,,,,,,,,,1,1,red,TRUE,,,
13,part2,80,0.5,blue,TRUE,,investigate_blue,accuse_blue,advance_to_next_trial,,,,,,,,,,,,,,,,,,,,,,,,,,,,,,,,,,,,,,,,,,,,,,,,,,,,,,,,,,,,2581.1211,4029.8489,6061.3551,,,,,,,,,,,,,,,,,,,,,,,,,,,,,,,,,,,,,,,,,,,,,,,,,,,,,,,,,,,,,,,,,,,,,,,,,,,,,,,,,,,,,,,,,,1,,,,,,,,,,,,,,,,,,,,,,,,,,,,,,1,1,blue,TRUE,,,
14,part2,20,0.3,red,TRUE,,investigate_blue,investigate_blue,investigate_blue,investigate_blue,investigate_blue,investigate_blue,investigate_blue,investigate_blue,investigate_blue,accuse_red,advance_to_next_trial,,,,,,,,,,,,,,,,,,,,,,,,,,,,,,,,,,,,,,,,,,,,,,,,,,,,1300.5458,2666.0486,3748.302,4764.0508,5896.5002,6912.2788,8644.1616,9659.9474,11491.7507,12657.4117,14689.0092,,,,,,,,,,,,,,,,,,,,,,,,,,,,,,,,,,,,,,,,,,,,,,,,,,,,,,,,,,,,,,,,,,,,,,,,,,,,,,,,,,0,0,0,0,0,0,0,0,0,,,,,,,,,,,,,,,,,,,,,,9,0,red,TRUE,,,
15,part2,20,0.5,blue,TRUE,,investigate_blue,accuse_blue,advance_to_next_trial,,,,,,,,,,,,,,,,,,,,,,,,,,,,,,,,,,,,,,,,,,,,,,,,,,,,,,,,,,,,2817.4397,3899.8241,6164.5254,,,,,,,,,,,,,,,,,,,,,,,,,,,,,,,,,,,,,,,,,,,,,,,,,,,,,,,,,,,,,,,,,,,,,,,,,,,,,,,,,,,,,,,,,,1,,,,,,,,,,,,,,,,,,,,,,,,,,,,,,1,1,blue,TRUE,,,
16,part2,5,0.3,blue,TRUE,,investigate_blue,investigate_blue,investigate_blue,investigate_blue,investigate_blue,investigate_blue,investigate_blue,accuse_blue,advance_to_next_trial,,,,,,,,,,,,,,,,,,,,,,,,,,,,,,,,,,,,,,,,,,,,,,,,,,,,,,1150.7448,3165.6473,4181.402,6029.8114,7262.1503,8810.7772,9926.3295,10958.835,13073.522,,,,,,,,,,,,,,,,,,,,,,,,,,,,,,,,,,,,,,,,,,,,,,,,,,,,,,,,,,,,,,,,,,,,,,,,,,,,,,,,,,,,0,0,0,0,0,0,1,,,,,,,,,,,,,,,,,,,,,,,,7,1,blue,TRUE,,,
17,part2,40,0.9,red,TRUE,,investigate_red,accuse_red,advance_to_next_trial,,,,,,,,,,,,,,,,,,,,,,,,,,,,,,,,,,,,,,,,,,,,,,,,,,,,,,,,,,,,2066.4216,3531.8204,5563.2532,,,,,,,,,,,,,,,,,,,,,,,,,,,,,,,,,,,,,,,,,,,,,,,,,,,,,,,,,,,,1,,,,,,,,,,,,,,,,,,,,,,,,,,,,,,,,,,,,,,,,,,,,,,,,,,,,,,,,,,,,1,1,red,TRUE,,,
18,part2,5,0.5,blue,TRUE,,investigate_blue,investigate_blue,accuse_blue,advance_to_next_trial,,,,,,,,,,,,,,,,,,,,,,,,,,,,,,,,,,,,,,,,,,,,,,,,,,,,,,,,,,,1566.9837,3065.7019,4081.4484,6112.9282,,,,,,,,,,,,,,,,,,,,,,,,,,,,,,,,,,,,,,,,,,,,,,,,,,,,,,,,,,,,,,,,,,,,,,,,,,,,,,,,,,,,,,,,,0,1,,,,,,,,,,,,,,,,,,,,,,,,,,,,,2,1,blue,TRUE,,,
19,part2,10,0.5,blue,TRUE,,investigate_red,investigate_red,investigate_red,investigate_red,investigate_red,investigate_red,investigate_red,investigate_red,investigate_red,investigate_blue,accuse_blue,advance_to_next_trial,,,,,,,,,,,,,,,,,,,,,,,,,,,,,,,,,,,,,,,,,,,,,,,,,,,2516.0806,3531.8863,4847.2601,6062.892,7178.6676,8194.4205,9926.2768,10942.0244,12607.2497,14022.6169,15571.2313,17669.5422,,,,,,,,,,,,,,,,,,,,,,,,,,,,,,,,,,,,,,,,,,,,,,,,,,,0,0,0,0,0,0,0,0,0,,,,,,,,,,,,,,,,,,,,,,0,,,,,,,,,,,,,,,,,,,,,,,,,,,,,,10,0,blue,TRUE,,,
20,part2,5,0.7,red,TRUE,,investigate_red,investigate_red,investigate_red,investigate_red,investigate_red,accuse_red,advance_to_next_trial,,,,,,,,,,,,,,,,,,,,,,,,,,,,,,,,,,,,,,,,,,,,,,,,,,,,,,,,2199.5588,3215.3496,4614.0865,5646.5234,6662.3367,8044.4938,10076.2116,,,,,,,,,,,,,,,,,,,,,,,,,,,,,,,,,,,,,,,,,,,,,,,,,,,,,,,,0,0,0,0,1,,,,,,,,,,,,,,,,,,,,,,,,,,,,,,,,,,,,,,,,,,,,,,,,,,,,,,,,5,1,red,TRUE,,,
21,part2,10,0.9,red,TRUE,,investigate_red,investigate_red,accuse_red,advance_to_next_trial,,,,,,,,,,,,,,,,,,,,,,,,,,,,,,,,,,,,,,,,,,,,,,,,,,,,,,,,,,,1100.5731,2315.9535,3581.5591,5613.2552,,,,,,,,,,,,,,,,,,,,,,,,,,,,,,,,,,,,,,,,,,,,,,,,,,,,,,,,,,,0,1,,,,,,,,,,,,,,,,,,,,,,,,,,,,,,,,,,,,,,,,,,,,,,,,,,,,,,,,,,,2,1,red,TRUE,,,
22,part2,10,0.3,red,TRUE,,investigate_blue,investigate_blue,investigate_blue,investigate_blue,investigate_blue,investigate_blue,investigate_blue,investigate_blue,investigate_blue,investigate_blue,investigate_red,accuse_red,advance_to_next_trial,,,,,,,,,,,,,,,,,,,,,,,,,,,,,,,,,,,,,,,,,,,,,,,,,,900.8659,2033.1243,3914.7637,4930.5184,6529.1798,7545.0556,9110.2765,10176.0332,11191.6628,13606.5665,14622.3717,15821.2563,17902.8585,,,,,,,,,,,,,,,,,,,,,,,,,,,,,,,,,,,,,,,,,,,,,,,,,,0,,,,,,,,,,,,,,,,,,,,,,,,,,,,,,0,0,0,0,0,0,0,0,0,0,,,,,,,,,,,,,,,,,,,,,11,0,red,TRUE,,,
23,part2,80,0.7,red,TRUE,,investigate_red,investigate_red,investigate_red,investigate_red,investigate_red,investigate_red,accuse_red,advance_to_next_trial,,,,,,,,,,,,,,,,,,,,,,,,,,,,,,,,,,,,,,,,,,,,,,,,,,,,,,,3165.7298,4381.2335,5413.6043,7112.0132,8244.2339,10076.0033,14089.1841,17586.3218,,,,,,,,,,,,,,,,,,,,,,,,,,,,,,,,,,,,,,,,,,,,,,,,,,,,,,,0,0,0,0,0,0,,,,,,,,,,,,,,,,,,,,,,,,,,,,,,,,,,,,,,,,,,,,,,,,,,,,,,,6,0,red,TRUE,,,
24,part2,20,0.1,blue,TRUE,,investigate_blue,accuse_blue,advance_to_next_trial,,,,,,,,,,,,,,,,,,,,,,,,,,,,,,,,,,,,,,,,,,,,,,,,,,,,,,,,,,,,2232.9321,3431.889,7828.1311,,,,,,,,,,,,,,,,,,,,,,,,,,,,,,,,,,,,,,,,,,,,,,,,,,,,,,,,,,,,,,,,,,,,,,,,,,,,,,,,,,,,,,,,,,1,,,,,,,,,,,,,,,,,,,,,,,,,,,,,,1,1,blue,TRUE,,,
25,part2,10,0.7,red,TRUE,,investigate_red,accuse_red,advance_to_next_trial,,,,,,,,,,,,,,,,,,,,,,,,,,,,,,,,,,,,,,,,,,,,,,,,,,,,,,,,,,,,2699.2318,3764.9888,5796.5529,,,,,,,,,,,,,,,,,,,,,,,,,,,,,,,,,,,,,,,,,,,,,,,,,,,,,,,,,,,,1,,,,,,,,,,,,,,,,,,,,,,,,,,,,,,,,,,,,,,,,,,,,,,,,,,,,,,,,,,,,1,1,red,TRUE,,,
Bonus Amount - Part 1,,,,,,,,,,,,,,,,,,,,,,,,,,,,,,,,,,,,,,,,,,,,,,,,,,,,,,,,,,,,,,,,,,,,,,,,,,,,,,,,,,,,,,,,,,,,,,,,,,,,,,,,,,,,,,,,,,,,,,,,,,,,,,,,,,,,,,,,,,,,,,,,,,,,,,,,,,,,,,,,,,,,,,,,,,,,,,,,,,,,,,,,,,,,,,,,,,,1000,22,
Bonus Amount - Part 2,,,,,,,,,,,,,,,,,,,,,,,,,,,,,,,,,,,,,,,,,,,,,,,,,,,,,,,,,,,,,,,,,,,,,,,,,,,,,,,,,,,,,,,,,,,,,,,,,,,,,,,,,,,,,,,,,,,,,,,,,,,,,,,,,,,,,,,,,,,,,,,,,,,,,,,,,,,,,,,,,,,,,,,,,,,,,,,,,,,,,,,,,,,,,,,,,,,1020,6,
Total bonus paid out,,,,,,,,,,,,,,,,,,,,,,,,,,,,,,,,,,,,,,,,,,,,,,,,,,,,,,,,,,,,,,,,,,,,,,,,,,,,,,,,,,,,,,,,,,,,,,,,,,,,,,,,,,,,,,,,,,,,,,,,,,,,,,,,,,,,,,,,,,,,,,,,,,,,,,,,,,,,,,,,,,,,,,,,,,,,,,,,,,,,,,,,,,,,,,,,,,,,,404